timestamp	timestamp_ms	bid	ask	spread_points	spread_price	volume	flags	last
2025.06.23 13:55:33	1750686933390	3366.54	3366.85	31.0	0.31	0.00	6	0.00
2025.06.23 13:55:34	1750686934046	3366.54	3366.84	30.0	0.30	0.00	4	0.00
2025.06.23 13:55:34	1750686934385	3366.59	3366.89	30.0	0.30	0.00	6	0.00
2025.06.23 13:55:34	1750686934708	3366.44	3366.74	30.0	0.30	0.00	6	0.00
2025.06.23 13:55:35	1750686935040	3366.50	3366.81	31.0	0.31	0.00	6	0.00
2025.06.23 13:55:35	1750686935371	3366.52	3366.83	31.0	0.31	0.00	6	0.00
2025.06.23 13:55:35	1750686935701	3366.47	3366.78	31.0	0.31	0.00	6	0.00
2025.06.23 13:55:36	1750686936023	3366.45	3366.76	31.0	0.31	0.00	6	0.00
2025.06.23 13:55:36	1750686936360	3366.47	3366.78	31.0	0.31	0.00	6	0.00
2025.06.23 13:55:37	1750686937354	3366.42	3366.73	31.0	0.31	0.00	6	0.00
2025.06.23 13:55:38	1750686938340	3366.43	3366.73	30.0	0.30	0.00	2	0.00
2025.06.23 13:55:42	1750686942303	3366.43	3366.72	29.0	0.29	0.00	4	0.00
2025.06.23 13:55:42	1750686942630	3366.42	3366.71	29.0	0.29	0.00	6	0.00
2025.06.23 13:55:43	1750686943620	3366.47	3366.76	29.0	0.29	0.00	6	0.00
2025.06.23 13:55:43	1750686943952	3366.52	3366.81	29.0	0.29	0.00	6	0.00
2025.06.23 13:55:45	1750686945269	3366.47	3366.76	29.0	0.29	0.00	6	0.00
2025.06.23 13:55:46	1750686946921	3366.51	3366.80	29.0	0.29	0.00	6	0.00
2025.06.23 13:55:47	1750686947251	3366.56	3366.85	29.0	0.29	0.00	6	0.00
2025.06.23 13:55:48	1750686948239	3366.51	3366.80	29.0	0.29	0.00	6	0.00
2025.06.23 13:55:49	1750686949564	3366.61	3366.90	29.0	0.29	0.00	6	0.00
2025.06.23 13:55:49	1750686949892	3366.55	3366.84	29.0	0.29	0.00	6	0.00
2025.06.23 13:55:50	1750686950216	3366.53	3366.81	28.0	0.28	0.00	6	0.00
2025.06.23 13:55:51	1750686951542	3366.58	3366.86	28.0	0.28	0.00	6	0.00
2025.06.23 13:55:55	1750686955168	3366.58	3366.85	27.0	0.27	0.00	4	0.00
2025.06.23 13:55:55	1750686955499	3366.56	3366.83	27.0	0.27	0.00	6	0.00
2025.06.23 13:55:55	1750686955825	3366.59	3366.86	27.0	0.27	0.00	6	0.00
2025.06.23 13:55:57	1750686957476	3366.63	3366.90	27.0	0.27	0.00	6	0.00
2025.06.23 13:55:58	1750686958471	3366.52	3366.79	27.0	0.27	0.00	6	0.00
2025.06.23 13:56:00	1750686960118	3366.52	3366.79	27.0	0.27	0.00	2	0.00
2025.06.23 13:56:00	1750686960451	3366.67	3366.94	27.0	0.27	0.00	6	0.00
2025.06.23 13:56:01	1750686961107	3366.69	3366.96	27.0	0.27	0.00	6	0.00
2025.06.23 13:56:01	1750686961443	3366.93	3367.20	27.0	0.27	0.00	6	0.00
2025.06.23 13:56:02	1750686962100	3366.88	3367.15	27.0	0.27	0.00	6	0.00
2025.06.23 13:56:02	1750686962768	3367.01	3367.28	27.0	0.27	0.00	6	0.00
2025.06.23 13:56:03	1750686963092	3367.03	3367.32	29.0	0.29	0.00	6	0.00
2025.06.23 13:56:03	1750686963747	3367.00	3367.29	29.0	0.29	0.00	6	0.00
2025.06.23 13:56:05	1750686965392	3366.97	3367.26	29.0	0.29	0.00	6	0.00
2025.06.23 13:56:05	1750686965732	3366.90	3367.19	29.0	0.29	0.00	6	0.00
2025.06.23 13:56:07	1750686967052	3366.88	3367.17	29.0	0.29	0.00	6	0.00
2025.06.23 13:56:08	1750686968376	3366.82	3367.11	29.0	0.29	0.00	6	0.00
2025.06.23 13:56:08	1750686968695	3366.75	3367.04	29.0	0.29	0.00	6	0.00
2025.06.23 13:56:09	1750686969041	3366.75	3367.03	28.0	0.28	0.00	4	0.00
2025.06.23 13:56:10	1750686970013	3366.81	3367.09	28.0	0.28	0.00	6	0.00
2025.06.23 13:56:10	1750686970345	3366.81	3367.10	29.0	0.29	0.00	4	0.00
2025.06.23 13:56:12	1750686972654	3366.84	3367.13	29.0	0.29	0.00	6	0.00
2025.06.23 13:56:13	1750686973327	3366.84	3367.12	28.0	0.28	0.00	4	0.00
2025.06.23 13:56:13	1750686973982	3366.80	3367.08	28.0	0.28	0.00	6	0.00
2025.06.23 13:56:14	1750686974970	3366.75	3367.03	28.0	0.28	0.00	6	0.00
2025.06.23 13:56:17	1750686977941	3366.71	3366.99	28.0	0.28	0.00	6	0.00
2025.06.23 13:56:18	1750686978270	3366.71	3366.98	27.0	0.27	0.00	4	0.00
2025.06.23 13:56:20	1750686980914	3366.59	3366.86	27.0	0.27	0.00	6	0.00
2025.06.23 13:56:21	1750686981247	3366.57	3366.84	27.0	0.27	0.00	6	0.00
2025.06.23 13:56:24	1750686984213	3366.59	3366.86	27.0	0.27	0.00	6	0.00
2025.06.23 13:56:26	1750686986193	3366.60	3366.86	26.0	0.26	0.00	2	0.00
2025.06.23 13:56:26	1750686986522	3366.76	3367.02	26.0	0.26	0.00	6	0.00
2025.06.23 13:56:27	1750686987177	3366.75	3367.02	27.0	0.27	0.00	2	0.00
2025.06.23 13:56:29	1750686989165	3366.66	3366.93	27.0	0.27	0.00	6	0.00
2025.06.23 13:56:29	1750686989818	3366.76	3367.03	27.0	0.27	0.00	6	0.00
2025.06.23 13:56:30	1750686990484	3366.67	3366.94	27.0	0.27	0.00	6	0.00
2025.06.23 13:56:30	1750686990813	3366.70	3366.97	27.0	0.27	0.00	6	0.00
2025.06.23 13:56:31	1750686991150	3366.76	3367.03	27.0	0.27	0.00	6	0.00
2025.06.23 13:56:32	1750686992463	3366.71	3366.98	27.0	0.27	0.00	6	0.00
2025.06.23 13:56:32	1750686992792	3366.78	3367.05	27.0	0.27	0.00	6	0.00
2025.06.23 13:56:35	1750686995106	3366.70	3366.97	27.0	0.27	0.00	6	0.00
2025.06.23 13:56:35	1750686995433	3366.72	3366.99	27.0	0.27	0.00	6	0.00
2025.06.23 13:56:35	1750686995761	3366.71	3366.98	27.0	0.27	0.00	6	0.00
2025.06.23 13:56:36	1750686996096	3366.77	3367.04	27.0	0.27	0.00	6	0.00
2025.06.23 13:56:39	1750686999063	3366.82	3367.08	26.0	0.26	0.00	6	0.00
2025.06.23 13:56:41	1750687001701	3366.80	3367.06	26.0	0.26	0.00	6	0.00
2025.06.23 13:56:43	1750687003024	3366.89	3367.15	26.0	0.26	0.00	6	0.00
2025.06.23 13:56:43	1750687003350	3366.82	3367.08	26.0	0.26	0.00	6	0.00
2025.06.23 13:56:44	1750687004352	3366.83	3367.08	25.0	0.25	0.00	2	0.00
2025.06.23 13:56:45	1750687005332	3366.89	3367.14	25.0	0.25	0.00	6	0.00
2025.06.23 13:56:45	1750687005663	3366.91	3367.16	25.0	0.25	0.00	6	0.00
2025.06.23 13:56:46	1750687006651	3366.88	3367.13	25.0	0.25	0.00	6	0.00
2025.06.23 13:56:48	1750687008633	3366.93	3367.18	25.0	0.25	0.00	6	0.00
2025.06.23 13:56:50	1750687010943	3366.94	3367.19	25.0	0.25	0.00	6	0.00
2025.06.23 13:56:51	1750687011266	3366.95	3367.19	24.0	0.24	0.00	2	0.00
2025.06.23 13:56:52	1750687012925	3367.11	3367.35	24.0	0.24	0.00	6	0.00
2025.06.23 13:56:53	1750687013265	3367.23	3367.47	24.0	0.24	0.00	6	0.00
2025.06.23 13:56:53	1750687013586	3367.44	3367.68	24.0	0.24	0.00	6	0.00
2025.06.23 13:56:54	1750687014239	3367.42	3367.69	27.0	0.27	0.00	6	0.00
2025.06.23 13:56:55	1750687015227	3367.41	3367.70	29.0	0.29	0.00	6	0.00
2025.06.23 13:56:57	1750687017215	3367.42	3367.70	28.0	0.28	0.00	2	0.00
2025.06.23 13:56:58	1750687018854	3367.36	3367.64	28.0	0.28	0.00	6	0.00
2025.06.23 13:56:59	1750687019190	3367.43	3367.71	28.0	0.28	0.00	6	0.00
2025.06.23 13:57:00	1750687020185	3367.43	3367.71	28.0	0.28	0.00	2	0.00
2025.06.23 13:57:00	1750687020515	3367.48	3367.76	28.0	0.28	0.00	6	0.00
2025.06.23 13:57:01	1750687021181	3367.43	3367.71	28.0	0.28	0.00	6	0.00
2025.06.23 13:57:01	1750687021502	3367.51	3367.79	28.0	0.28	0.00	6	0.00
2025.06.23 13:57:01	1750687021832	3367.61	3367.89	28.0	0.28	0.00	6	0.00
2025.06.23 13:57:02	1750687022171	3367.63	3367.90	27.0	0.27	0.00	6	0.00
2025.06.23 13:57:02	1750687022821	3367.30	3367.57	27.0	0.27	0.00	6	0.00
2025.06.23 13:57:02	1750687022831	3367.32	3367.59	27.0	0.27	0.00	6	0.00
2025.06.23 13:57:03	1750687023149	3366.71	3367.03	32.0	0.32	0.00	6	0.00
2025.06.23 13:57:03	1750687023483	3366.92	3367.25	33.0	0.33	0.00	6	0.00
2025.06.23 13:57:03	1750687023812	3366.91	3367.25	34.0	0.34	0.00	2	0.00
2025.06.23 13:57:04	1750687024136	3366.98	3367.29	31.0	0.31	0.00	6	0.00
2025.06.23 13:57:04	1750687024473	3367.02	3367.33	31.0	0.31	0.00	6	0.00
2025.06.23 13:57:05	1750687025132	3367.03	3367.34	31.0	0.31	0.00	6	0.00
2025.06.23 13:57:06	1750687026445	3367.04	3367.35	31.0	0.31	0.00	6	0.00
2025.06.23 13:57:06	1750687026790	3367.01	3367.32	31.0	0.31	0.00	6	0.00
2025.06.23 13:57:07	1750687027114	3367.04	3367.35	31.0	0.31	0.00	6	0.00
2025.06.23 13:57:07	1750687027432	3367.07	3367.38	31.0	0.31	0.00	6	0.00
2025.06.23 13:57:07	1750687027779	3367.08	3367.39	31.0	0.31	0.00	6	0.00
2025.06.23 13:57:09	1750687029091	3367.09	3367.40	31.0	0.31	0.00	6	0.00
2025.06.23 13:57:09	1750687029423	3367.08	3367.39	31.0	0.31	0.00	6	0.00
2025.06.23 13:57:13	1750687033051	3367.07	3367.38	31.0	0.31	0.00	6	0.00
2025.06.23 13:57:13	1750687033373	3367.25	3367.56	31.0	0.31	0.00	6	0.00
2025.06.23 13:57:13	1750687033390	3367.21	3367.52	31.0	0.31	0.00	6	0.00
2025.06.23 13:57:13	1750687033711	3367.13	3367.44	31.0	0.31	0.00	6	0.00
2025.06.23 13:57:14	1750687034366	3367.14	3367.45	31.0	0.31	0.00	6	0.00
2025.06.23 13:57:14	1750687034702	3367.17	3367.48	31.0	0.31	0.00	6	0.00
2025.06.23 13:57:20	1750687040973	3367.11	3367.48	37.0	0.37	0.00	2	0.00
2025.06.23 13:57:22	1750687042291	3367.19	3367.50	31.0	0.31	0.00	6	0.00
2025.06.23 13:57:24	1750687044598	3367.21	3367.52	31.0	0.31	0.00	6	0.00
2025.06.23 13:57:24	1750687044935	3367.26	3367.57	31.0	0.31	0.00	6	0.00
2025.06.23 13:57:25	1750687045266	3367.47	3367.78	31.0	0.31	0.00	6	0.00
2025.06.23 13:57:25	1750687045592	3367.57	3367.88	31.0	0.31	0.00	6	0.00
2025.06.23 13:57:25	1750687045917	3367.56	3367.87	31.0	0.31	0.00	6	0.00
2025.06.23 13:57:26	1750687046915	3367.67	3367.98	31.0	0.31	0.00	6	0.00
2025.06.23 13:57:27	1750687047903	3367.36	3367.67	31.0	0.31	0.00	6	0.00
2025.06.23 13:57:28	1750687048564	3367.45	3367.76	31.0	0.31	0.00	6	0.00
2025.06.23 13:57:28	1750687048885	3367.53	3367.84	31.0	0.31	0.00	6	0.00
2025.06.23 13:57:29	1750687049222	3367.68	3367.99	31.0	0.31	0.00	6	0.00
2025.06.23 13:57:29	1750687049554	3367.55	3367.86	31.0	0.31	0.00	6	0.00
2025.06.23 13:57:30	1750687050873	3367.46	3367.77	31.0	0.31	0.00	6	0.00
2025.06.23 13:57:31	1750687051202	3367.47	3367.78	31.0	0.31	0.00	6	0.00
2025.06.23 13:57:32	1750687052192	3367.55	3367.86	31.0	0.31	0.00	6	0.00
2025.06.23 13:57:32	1750687052526	3367.56	3367.87	31.0	0.31	0.00	6	0.00
2025.06.23 13:57:32	1750687052851	3367.49	3367.80	31.0	0.31	0.00	6	0.00
2025.06.23 13:57:33	1750687053516	3367.38	3367.69	31.0	0.31	0.00	6	0.00
2025.06.23 13:57:33	1750687053843	3367.35	3367.66	31.0	0.31	0.00	6	0.00
2025.06.23 13:57:35	1750687055164	3367.37	3367.68	31.0	0.31	0.00	6	0.00
2025.06.23 13:57:37	1750687057804	3367.36	3367.67	31.0	0.31	0.00	6	0.00
2025.06.23 13:57:39	1750687059117	3367.42	3367.73	31.0	0.31	0.00	6	0.00
2025.06.23 13:57:39	1750687059443	3367.52	3367.83	31.0	0.31	0.00	6	0.00
2025.06.23 13:57:39	1750687059784	3367.47	3367.78	31.0	0.31	0.00	6	0.00
2025.06.23 13:57:41	1750687061428	3367.42	3367.78	36.0	0.36	0.00	2	0.00
2025.06.23 13:57:41	1750687061762	3367.44	3367.80	36.0	0.36	0.00	6	0.00
2025.06.23 13:57:42	1750687062413	3367.49	3367.80	31.0	0.31	0.00	2	0.00
2025.06.23 13:57:51	1750687071334	3367.46	3367.77	31.0	0.31	0.00	6	0.00
2025.06.23 13:57:51	1750687071998	3367.49	3367.80	31.0	0.31	0.00	6	0.00
2025.06.23 13:57:52	1750687072985	3367.50	3367.81	31.0	0.31	0.00	6	0.00
2025.06.23 13:57:54	1750687074970	3367.47	3367.78	31.0	0.31	0.00	6	0.00
2025.06.23 13:57:57	1750687077275	3367.41	3367.72	31.0	0.31	0.00	6	0.00
2025.06.23 13:57:58	1750687078593	3367.38	3367.69	31.0	0.31	0.00	6	0.00
2025.06.23 13:58:00	1750687080243	3367.38	3367.69	31.0	0.31	0.00	2	0.00
2025.06.23 13:58:01	1750687081261	3367.37	3367.68	31.0	0.31	0.00	6	0.00
2025.06.23 13:58:01	1750687081562	3367.40	3367.71	31.0	0.31	0.00	6	0.00
2025.06.23 13:58:02	1750687082232	3367.41	3367.71	30.0	0.30	0.00	2	0.00
2025.06.23 13:58:02	1750687082883	3367.37	3367.67	30.0	0.30	0.00	6	0.00
2025.06.23 13:58:03	1750687083544	3367.40	3367.70	30.0	0.30	0.00	6	0.00
2025.06.23 13:58:06	1750687086184	3367.40	3367.69	29.0	0.29	0.00	4	0.00
2025.06.23 13:58:07	1750687087839	3367.41	3367.70	29.0	0.29	0.00	6	0.00
2025.06.23 13:58:10	1750687090137	3367.41	3367.69	28.0	0.28	0.00	4	0.00
2025.06.23 13:58:13	1750687093763	3367.42	3367.70	28.0	0.28	0.00	6	0.00
2025.06.23 13:58:14	1750687094098	3367.39	3367.66	27.0	0.27	0.00	6	0.00
2025.06.23 13:58:15	1750687095093	3367.29	3367.56	27.0	0.27	0.00	6	0.00
2025.06.23 13:58:16	1750687096427	3367.20	3367.47	27.0	0.27	0.00	6	0.00
2025.06.23 13:58:16	1750687096744	3367.28	3367.55	27.0	0.27	0.00	6	0.00
2025.06.23 13:58:18	1750687098060	3367.32	3367.59	27.0	0.27	0.00	6	0.00
2025.06.23 13:58:18	1750687098394	3367.28	3367.55	27.0	0.27	0.00	6	0.00
2025.06.23 13:58:20	1750687100049	3367.30	3367.56	26.0	0.26	0.00	6	0.00
2025.06.23 13:58:20	1750687100709	3367.36	3367.62	26.0	0.26	0.00	6	0.00
2025.06.23 13:58:21	1750687101032	3367.30	3367.56	26.0	0.26	0.00	6	0.00
2025.06.23 13:58:21	1750687101692	3367.31	3367.57	26.0	0.26	0.00	6	0.00
2025.06.23 13:58:22	1750687102015	3367.26	3367.52	26.0	0.26	0.00	6	0.00
2025.06.23 13:58:22	1750687102350	3367.21	3367.47	26.0	0.26	0.00	6	0.00
2025.06.23 13:58:22	1750687102681	3367.29	3367.55	26.0	0.26	0.00	6	0.00
2025.06.23 13:58:23	1750687103999	3367.19	3367.45	26.0	0.26	0.00	6	0.00
2025.06.23 13:58:25	1750687105981	3367.20	3367.46	26.0	0.26	0.00	6	0.00
2025.06.23 13:58:26	1750687106313	3367.19	3367.45	26.0	0.26	0.00	6	0.00
2025.06.23 13:58:27	1750687107301	3367.19	3367.44	25.0	0.25	0.00	4	0.00
2025.06.23 13:58:28	1750687108953	3367.22	3367.47	25.0	0.25	0.00	6	0.00
2025.06.23 13:58:29	1750687109612	3367.26	3367.51	25.0	0.25	0.00	6	0.00
2025.06.23 13:58:31	1750687111592	3367.29	3367.54	25.0	0.25	0.00	6	0.00
2025.06.23 13:58:32	1750687112250	3367.30	3367.54	24.0	0.24	0.00	2	0.00
2025.06.23 13:58:32	1750687112911	3367.28	3367.52	24.0	0.24	0.00	6	0.00
2025.06.23 13:58:33	1750687113903	3367.29	3367.53	24.0	0.24	0.00	6	0.00
2025.06.23 13:58:34	1750687114561	3367.28	3367.52	24.0	0.24	0.00	6	0.00
2025.06.23 13:58:35	1750687115550	3367.29	3367.53	24.0	0.24	0.00	6	0.00
2025.06.23 13:58:37	1750687117200	3367.30	3367.53	23.0	0.23	0.00	2	0.00
2025.06.23 13:58:37	1750687117528	3367.35	3367.58	23.0	0.23	0.00	6	0.00
2025.06.23 13:58:37	1750687117860	3367.30	3367.53	23.0	0.23	0.00	6	0.00
2025.06.23 13:58:39	1750687119512	3367.29	3367.52	23.0	0.23	0.00	6	0.00
2025.06.23 13:58:39	1750687119840	3367.31	3367.54	23.0	0.23	0.00	6	0.00
2025.06.23 13:58:41	1750687121815	3367.21	3367.44	23.0	0.23	0.00	6	0.00
2025.06.23 13:58:45	1750687125121	3367.22	3367.45	23.0	0.23	0.00	6	0.00
2025.06.23 13:58:46	1750687126443	3367.13	3367.36	23.0	0.23	0.00	6	0.00
2025.06.23 13:58:49	1750687129413	3367.22	3367.45	23.0	0.23	0.00	6	0.00
2025.06.23 13:58:50	1750687130063	3367.33	3367.56	23.0	0.23	0.00	6	0.00
2025.06.23 13:58:50	1750687130398	3367.36	3367.59	23.0	0.23	0.00	6	0.00
2025.06.23 13:58:51	1750687131063	3367.35	3367.58	23.0	0.23	0.00	6	0.00
2025.06.23 13:58:51	1750687131392	3367.34	3367.57	23.0	0.23	0.00	6	0.00
2025.06.23 13:58:54	1750687134042	3367.35	3367.58	23.0	0.23	0.00	6	0.00
2025.06.23 13:58:56	1750687136668	3367.44	3367.67	23.0	0.23	0.00	6	0.00
2025.06.23 13:59:00	1750687140302	3367.44	3367.67	23.0	0.23	0.00	2	0.00
2025.06.23 13:59:00	1750687140961	3367.54	3367.77	23.0	0.23	0.00	6	0.00
2025.06.23 13:59:03	1750687143605	3367.71	3367.94	23.0	0.23	0.00	6	0.00
2025.06.23 13:59:04	1750687144262	3367.73	3367.96	23.0	0.23	0.00	6	0.00
2025.06.23 13:59:06	1750687146242	3367.61	3367.84	23.0	0.23	0.00	6	0.00
2025.06.23 13:59:06	1750687146574	3367.58	3367.81	23.0	0.23	0.00	6	0.00
2025.06.23 13:59:06	1750687146901	3367.66	3367.89	23.0	0.23	0.00	6	0.00
2025.06.23 13:59:07	1750687147231	3367.51	3367.74	23.0	0.23	0.00	6	0.00
2025.06.23 13:59:07	1750687147563	3367.52	3367.75	23.0	0.23	0.00	6	0.00
2025.06.23 13:59:07	1750687147883	3367.51	3367.74	23.0	0.23	0.00	6	0.00
2025.06.23 13:59:08	1750687148222	3367.51	3367.75	24.0	0.24	0.00	4	0.00
2025.06.23 13:59:09	1750687149203	3367.57	3367.81	24.0	0.24	0.00	6	0.00
2025.06.23 13:59:09	1750687149545	3367.51	3367.75	24.0	0.24	0.00	6	0.00
2025.06.23 13:59:10	1750687150200	3367.52	3367.75	23.0	0.23	0.00	2	0.00
2025.06.23 13:59:12	1750687152509	3367.50	3367.73	23.0	0.23	0.00	6	0.00
2025.06.23 13:59:15	1750687155145	3367.52	3367.75	23.0	0.23	0.00	6	0.00
2025.06.23 13:59:17	1750687157786	3367.65	3367.88	23.0	0.23	0.00	6	0.00
2025.06.23 13:59:17	1750687157805	3367.68	3367.91	23.0	0.23	0.00	6	0.00
2025.06.23 13:59:18	1750687158123	3367.61	3367.84	23.0	0.23	0.00	6	0.00
2025.06.23 13:59:22	1750687162073	3367.59	3367.82	23.0	0.23	0.00	6	0.00
2025.06.23 13:59:24	1750687164059	3367.66	3367.89	23.0	0.23	0.00	6	0.00
2025.06.23 13:59:26	1750687166701	3367.61	3367.84	23.0	0.23	0.00	6	0.00
2025.06.23 13:59:27	1750687167362	3367.57	3367.80	23.0	0.23	0.00	6	0.00
2025.06.23 13:59:27	1750687167693	3367.40	3367.63	23.0	0.23	0.00	6	0.00
2025.06.23 13:59:28	1750687168022	3367.41	3367.64	23.0	0.23	0.00	6	0.00
2025.06.23 13:59:28	1750687168349	3367.40	3367.64	24.0	0.24	0.00	2	0.00
2025.06.23 13:59:31	1750687171316	3367.41	3367.64	23.0	0.23	0.00	2	0.00
2025.06.23 13:59:35	1750687175947	3367.56	3367.79	23.0	0.23	0.00	6	0.00
2025.06.23 13:59:36	1750687176269	3367.41	3367.64	23.0	0.23	0.00	6	0.00
2025.06.23 13:59:37	1750687177266	3367.40	3367.64	24.0	0.24	0.00	2	0.00
2025.06.23 13:59:38	1750687178252	3367.42	3367.65	23.0	0.23	0.00	6	0.00
2025.06.23 13:59:40	1750687180558	3367.40	3367.63	23.0	0.23	0.00	6	0.00
2025.06.23 13:59:41	1750687181551	3367.52	3367.75	23.0	0.23	0.00	6	0.00
2025.06.23 13:59:42	1750687182212	3367.51	3367.75	24.0	0.24	0.00	2	0.00
2025.06.23 13:59:46	1750687186172	3367.52	3367.75	23.0	0.23	0.00	2	0.00
2025.06.23 13:59:47	1750687187159	3367.60	3367.84	24.0	0.24	0.00	6	0.00
2025.06.23 13:59:48	1750687188482	3367.66	3367.90	24.0	0.24	0.00	6	0.00
2025.06.23 13:59:48	1750687188805	3367.69	3367.93	24.0	0.24	0.00	6	0.00
2025.06.23 13:59:49	1750687189140	3367.70	3367.94	24.0	0.24	0.00	6	0.00
2025.06.23 13:59:53	1750687193101	3367.88	3368.14	26.0	0.26	0.00	6	0.00
2025.06.23 13:59:53	1750687193127	3367.90	3368.16	26.0	0.26	0.00	6	0.00
2025.06.23 13:59:53	1750687193426	3367.68	3367.94	26.0	0.26	0.00	6	0.00
2025.06.23 13:59:53	1750687193762	3367.70	3367.96	26.0	0.26	0.00	6	0.00
2025.06.23 13:59:54	1750687194421	3367.68	3367.94	26.0	0.26	0.00	6	0.00
2025.06.23 13:59:55	1750687195082	3367.68	3367.95	27.0	0.27	0.00	4	0.00
2025.06.23 13:59:55	1750687195407	3367.70	3367.97	27.0	0.27	0.00	6	0.00
2025.06.23 13:59:55	1750687195743	3367.72	3367.99	27.0	0.27	0.00	6	0.00
2025.06.23 13:59:56	1750687196072	3367.81	3368.08	27.0	0.27	0.00	6	0.00
2025.06.23 13:59:57	1750687197060	3367.69	3367.96	27.0	0.27	0.00	6	0.00
2025.06.23 13:59:58	1750687198043	3367.68	3367.96	28.0	0.28	0.00	2	0.00
2025.06.23 14:00:00	1750687200032	3367.68	3367.96	28.0	0.28	0.00	2	0.00
2025.06.23 14:00:00	1750687200038	3367.69	3367.96	27.0	0.27	0.00	2	0.00
2025.06.23 14:00:00	1750687200363	3367.89	3368.19	30.0	0.30	0.00	6	0.00
2025.06.23 14:00:00	1750687200688	3367.95	3368.25	30.0	0.30	0.00	6	0.00
2025.06.23 14:00:01	1750687201018	3367.99	3368.29	30.0	0.30	0.00	6	0.00
2025.06.23 14:00:03	1750687203000	3368.22	3368.52	30.0	0.30	0.00	6	0.00
2025.06.23 14:00:03	1750687203008	3368.19	3368.49	30.0	0.30	0.00	6	0.00
2025.06.23 14:00:03	1750687203329	3368.38	3368.68	30.0	0.30	0.00	6	0.00
2025.06.23 14:00:03	1750687203990	3368.39	3368.69	30.0	0.30	0.00	6	0.00
2025.06.23 14:00:04	1750687204322	3368.37	3368.70	33.0	0.33	0.00	6	0.00
2025.06.23 14:00:04	1750687204650	3368.46	3368.79	33.0	0.33	0.00	6	0.00
2025.06.23 14:00:05	1750687205304	3368.37	3368.70	33.0	0.33	0.00	6	0.00
2025.06.23 14:00:05	1750687205319	3368.42	3368.75	33.0	0.33	0.00	6	0.00
2025.06.23 14:00:05	1750687205634	3368.35	3368.68	33.0	0.33	0.00	6	0.00
2025.06.23 14:00:05	1750687205970	3368.42	3368.75	33.0	0.33	0.00	6	0.00
2025.06.23 14:00:06	1750687206302	3368.45	3368.78	33.0	0.33	0.00	6	0.00
2025.06.23 14:00:06	1750687206961	3368.55	3368.88	33.0	0.33	0.00	6	0.00
2025.06.23 14:00:07	1750687207282	3368.43	3368.76	33.0	0.33	0.00	6	0.00
2025.06.23 14:00:08	1750687208615	3368.45	3368.78	33.0	0.33	0.00	6	0.00
2025.06.23 14:00:08	1750687208933	3368.38	3368.71	33.0	0.33	0.00	6	0.00
2025.06.23 14:00:09	1750687209931	3368.47	3368.80	33.0	0.33	0.00	6	0.00
2025.06.23 14:00:10	1750687210591	3368.48	3368.81	33.0	0.33	0.00	6	0.00
2025.06.23 14:00:11	1750687211582	3368.47	3368.80	33.0	0.33	0.00	6	0.00
2025.06.23 14:00:12	1750687212572	3368.44	3368.77	33.0	0.33	0.00	6	0.00
2025.06.23 14:00:12	1750687212902	3368.50	3368.83	33.0	0.33	0.00	6	0.00
2025.06.23 14:00:13	1750687213561	3368.46	3368.79	33.0	0.33	0.00	6	0.00
2025.06.23 14:00:13	1750687213892	3368.35	3368.68	33.0	0.33	0.00	6	0.00
2025.06.23 14:00:14	1750687214551	3368.44	3368.77	33.0	0.33	0.00	6	0.00
2025.06.23 14:00:14	1750687214873	3368.55	3368.88	33.0	0.33	0.00	6	0.00
2025.06.23 14:00:15	1750687215866	3368.56	3368.89	33.0	0.33	0.00	6	0.00
2025.06.23 14:00:16	1750687216200	3368.55	3368.88	33.0	0.33	0.00	6	0.00
2025.06.23 14:00:16	1750687216529	3368.56	3368.89	33.0	0.33	0.00	6	0.00
2025.06.23 14:00:17	1750687217191	3368.62	3368.95	33.0	0.33	0.00	6	0.00
2025.06.23 14:00:18	1750687218503	3368.62	3368.99	37.0	0.37	0.00	4	0.00
2025.06.23 14:00:18	1750687218841	3368.56	3368.94	38.0	0.38	0.00	6	0.00
2025.06.23 14:00:19	1750687219493	3368.56	3368.89	33.0	0.33	0.00	4	0.00
2025.06.23 14:00:21	1750687221480	3368.55	3368.88	33.0	0.33	0.00	6	0.00
2025.06.23 14:00:21	1750687221811	3368.62	3368.95	33.0	0.33	0.00	6	0.00
2025.06.23 14:00:22	1750687222142	3368.56	3368.89	33.0	0.33	0.00	6	0.00
2025.06.23 14:00:22	1750687222476	3368.66	3368.99	33.0	0.33	0.00	6	0.00
2025.06.23 14:00:22	1750687222796	3369.06	3369.39	33.0	0.33	0.00	6	0.00
2025.06.23 14:00:22	1750687222799	3368.98	3369.31	33.0	0.33	0.00	6	0.00
2025.06.23 14:00:23	1750687223131	3369.02	3369.35	33.0	0.33	0.00	6	0.00
2025.06.23 14:00:23	1750687223461	3369.07	3369.42	35.0	0.35	0.00	6	0.00
2025.06.23 14:00:23	1750687223792	3369.07	3369.41	34.0	0.34	0.00	4	0.00
2025.06.23 14:00:24	1750687224112	3369.09	3369.43	34.0	0.34	0.00	6	0.00
2025.06.23 14:00:24	1750687224450	3369.05	3369.38	33.0	0.33	0.00	6	0.00
2025.06.23 14:00:25	1750687225110	3369.06	3369.39	33.0	0.33	0.00	6	0.00
2025.06.23 14:00:25	1750687225435	3369.05	3369.38	33.0	0.33	0.00	6	0.00
2025.06.23 14:00:25	1750687225771	3368.96	3369.29	33.0	0.33	0.00	6	0.00
2025.06.23 14:00:27	1750687227090	3368.95	3369.28	33.0	0.33	0.00	6	0.00
2025.06.23 14:00:27	1750687227752	3369.31	3369.64	33.0	0.33	0.00	6	0.00
2025.06.23 14:00:28	1750687228080	3369.29	3369.62	33.0	0.33	0.00	6	0.00
2025.06.23 14:00:28	1750687228406	3369.30	3369.63	33.0	0.33	0.00	6	0.00
2025.06.23 14:00:30	1750687230389	3369.29	3369.62	33.0	0.33	0.00	6	0.00
2025.06.23 14:00:30	1750687230717	3369.31	3369.64	33.0	0.33	0.00	6	0.00
2025.06.23 14:00:31	1750687231051	3369.41	3369.74	33.0	0.33	0.00	6	0.00
2025.06.23 14:00:31	1750687231383	3369.39	3369.72	33.0	0.33	0.00	6	0.00
2025.06.23 14:00:32	1750687232399	3369.30	3369.63	33.0	0.33	0.00	6	0.00
2025.06.23 14:00:32	1750687232693	3369.33	3369.66	33.0	0.33	0.00	6	0.00
2025.06.23 14:00:33	1750687233360	3369.31	3369.64	33.0	0.33	0.00	6	0.00
2025.06.23 14:00:33	1750687233691	3369.41	3369.74	33.0	0.33	0.00	6	0.00
2025.06.23 14:00:34	1750687234021	3369.52	3369.85	33.0	0.33	0.00	6	0.00
2025.06.23 14:00:34	1750687234350	3369.49	3369.82	33.0	0.33	0.00	6	0.00
2025.06.23 14:00:35	1750687235339	3369.44	3369.77	33.0	0.33	0.00	6	0.00
2025.06.23 14:00:35	1750687235673	3369.48	3369.81	33.0	0.33	0.00	6	0.00
2025.06.23 14:00:36	1750687236001	3369.39	3369.72	33.0	0.33	0.00	6	0.00
2025.06.23 14:00:36	1750687236331	3369.46	3369.79	33.0	0.33	0.00	6	0.00
2025.06.23 14:00:36	1750687236997	3369.50	3369.83	33.0	0.33	0.00	6	0.00
2025.06.23 14:00:37	1750687237643	3369.52	3369.85	33.0	0.33	0.00	6	0.00
2025.06.23 14:00:37	1750687237981	3369.55	3369.88	33.0	0.33	0.00	6	0.00
2025.06.23 14:00:39	1750687239302	3369.60	3369.93	33.0	0.33	0.00	6	0.00
2025.06.23 14:00:40	1750687240283	3369.55	3369.88	33.0	0.33	0.00	6	0.00
2025.06.23 14:00:40	1750687240954	3369.58	3369.91	33.0	0.33	0.00	6	0.00
2025.06.23 14:00:41	1750687241284	3369.66	3369.99	33.0	0.33	0.00	6	0.00
2025.06.23 14:00:41	1750687241602	3369.66	3370.00	34.0	0.34	0.00	4	0.00
2025.06.23 14:00:41	1750687241939	3369.58	3369.92	34.0	0.34	0.00	6	0.00
2025.06.23 14:00:42	1750687242592	3369.62	3369.95	33.0	0.33	0.00	6	0.00
2025.06.23 14:00:42	1750687242937	3369.63	3369.96	33.0	0.33	0.00	6	0.00
2025.06.23 14:00:44	1750687244580	3369.64	3369.97	33.0	0.33	0.00	6	0.00
2025.06.23 14:00:44	1750687244910	3369.70	3370.03	33.0	0.33	0.00	6	0.00
2025.06.23 14:00:45	1750687245902	3369.60	3369.93	33.0	0.33	0.00	6	0.00
2025.06.23 14:00:47	1750687247874	3369.64	3369.97	33.0	0.33	0.00	6	0.00
2025.06.23 14:00:48	1750687248214	3369.57	3369.90	33.0	0.33	0.00	6	0.00
2025.06.23 14:00:49	1750687249531	3369.56	3369.89	33.0	0.33	0.00	6	0.00
2025.06.23 14:00:49	1750687249854	3369.51	3369.89	38.0	0.38	0.00	2	0.00
2025.06.23 14:00:49	1750687249872	3369.54	3369.92	38.0	0.38	0.00	6	0.00
2025.06.23 14:00:50	1750687250185	3369.55	3369.93	38.0	0.38	0.00	6	0.00
2025.06.23 14:00:50	1750687250191	3369.57	3369.95	38.0	0.38	0.00	6	0.00
2025.06.23 14:00:50	1750687250515	3369.52	3369.90	38.0	0.38	0.00	6	0.00
2025.06.23 14:00:50	1750687250844	3369.57	3369.90	33.0	0.33	0.00	2	0.00
2025.06.23 14:00:51	1750687251842	3369.61	3369.94	33.0	0.33	0.00	6	0.00
2025.06.23 14:00:52	1750687252169	3369.70	3370.03	33.0	0.33	0.00	6	0.00
2025.06.23 14:00:52	1750687252829	3369.58	3369.91	33.0	0.33	0.00	6	0.00
2025.06.23 14:00:53	1750687253164	3369.64	3369.97	33.0	0.33	0.00	6	0.00
2025.06.23 14:00:53	1750687253492	3369.73	3370.06	33.0	0.33	0.00	6	0.00
2025.06.23 14:00:53	1750687253813	3369.76	3370.09	33.0	0.33	0.00	6	0.00
2025.06.23 14:00:55	1750687255803	3369.66	3369.99	33.0	0.33	0.00	6	0.00
2025.06.23 14:00:56	1750687256131	3369.75	3370.08	33.0	0.33	0.00	6	0.00
2025.06.23 14:00:57	1750687257121	3369.67	3370.00	33.0	0.33	0.00	6	0.00
2025.06.23 14:00:57	1750687257451	3369.64	3369.97	33.0	0.33	0.00	6	0.00
2025.06.23 14:00:57	1750687257780	3369.88	3370.21	33.0	0.33	0.00	6	0.00
2025.06.23 14:00:59	1750687259762	3370.04	3370.37	33.0	0.33	0.00	6	0.00
2025.06.23 14:01:00	1750687260090	3370.00	3370.33	33.0	0.33	0.00	6	0.00
2025.06.23 14:01:00	1750687260104	3369.97	3370.30	33.0	0.33	0.00	6	0.00
2025.06.23 14:01:00	1750687260423	3369.95	3370.28	33.0	0.33	0.00	6	0.00
2025.06.23 14:01:00	1750687260753	3369.95	3370.29	34.0	0.34	0.00	4	0.00
2025.06.23 14:01:01	1750687261416	3369.98	3370.32	34.0	0.34	0.00	6	0.00
2025.06.23 14:01:01	1750687261744	3369.98	3370.31	33.0	0.33	0.00	4	0.00
2025.06.23 14:01:02	1750687262070	3370.13	3370.46	33.0	0.33	0.00	6	0.00
2025.06.23 14:01:02	1750687262409	3370.00	3370.33	33.0	0.33	0.00	6	0.00
2025.06.23 14:01:02	1750687262733	3369.98	3370.31	33.0	0.33	0.00	6	0.00
2025.06.23 14:01:03	1750687263058	3369.95	3370.28	33.0	0.33	0.00	6	0.00
2025.06.23 14:01:03	1750687263388	3369.69	3370.02	33.0	0.33	0.00	6	0.00
2025.06.23 14:01:03	1750687263396	3369.63	3369.96	33.0	0.33	0.00	6	0.00
2025.06.23 14:01:03	1750687263730	3369.60	3369.93	33.0	0.33	0.00	6	0.00
2025.06.23 14:01:03	1750687263753	3369.69	3370.02	33.0	0.33	0.00	6	0.00
2025.06.23 14:01:04	1750687264051	3369.62	3369.95	33.0	0.33	0.00	6	0.00
2025.06.23 14:01:04	1750687264382	3369.57	3369.90	33.0	0.33	0.00	6	0.00
2025.06.23 14:01:05	1750687265371	3369.60	3369.93	33.0	0.33	0.00	6	0.00
2025.06.23 14:01:06	1750687266039	3369.88	3370.21	33.0	0.33	0.00	6	0.00
2025.06.23 14:01:06	1750687266360	3369.70	3370.03	33.0	0.33	0.00	6	0.00
2025.06.23 14:01:06	1750687266690	3369.67	3370.00	33.0	0.33	0.00	6	0.00
2025.06.23 14:01:07	1750687267351	3369.64	3369.97	33.0	0.33	0.00	6	0.00
2025.06.23 14:01:07	1750687267681	3369.69	3370.02	33.0	0.33	0.00	6	0.00
2025.06.23 14:01:08	1750687268010	3369.64	3369.97	33.0	0.33	0.00	6	0.00
2025.06.23 14:01:08	1750687268663	3369.55	3369.88	33.0	0.33	0.00	6	0.00
2025.06.23 14:01:09	1750687269325	3369.58	3369.91	33.0	0.33	0.00	6	0.00
2025.06.23 14:01:10	1750687270325	3369.62	3369.95	33.0	0.33	0.00	6	0.00
2025.06.23 14:01:11	1750687271312	3369.58	3369.91	33.0	0.33	0.00	6	0.00
2025.06.23 14:01:11	1750687271633	3369.55	3369.88	33.0	0.33	0.00	6	0.00
2025.06.23 14:01:11	1750687271971	3369.49	3369.82	33.0	0.33	0.00	6	0.00
2025.06.23 14:01:15	1750687275270	3369.26	3369.59	33.0	0.33	0.00	6	0.00
2025.06.23 14:01:16	1750687276263	3369.23	3369.56	33.0	0.33	0.00	6	0.00
2025.06.23 14:01:16	1750687276587	3369.31	3369.64	33.0	0.33	0.00	6	0.00
2025.06.23 14:01:17	1750687277256	3369.18	3369.51	33.0	0.33	0.00	6	0.00
2025.06.23 14:01:17	1750687277582	3369.17	3369.50	33.0	0.33	0.00	6	0.00
2025.06.23 14:01:17	1750687277910	3369.07	3369.40	33.0	0.33	0.00	6	0.00
2025.06.23 14:01:20	1750687280217	3369.08	3369.41	33.0	0.33	0.00	6	0.00
2025.06.23 14:01:20	1750687280551	3369.31	3369.64	33.0	0.33	0.00	6	0.00
2025.06.23 14:01:20	1750687280872	3369.28	3369.61	33.0	0.33	0.00	6	0.00
2025.06.23 14:01:22	1750687282200	3369.27	3369.60	33.0	0.33	0.00	6	0.00
2025.06.23 14:01:23	1750687283514	3369.28	3369.61	33.0	0.33	0.00	6	0.00
2025.06.23 14:01:24	1750687284184	3369.30	3369.63	33.0	0.33	0.00	6	0.00
2025.06.23 14:01:24	1750687284845	3369.46	3369.79	33.0	0.33	0.00	6	0.00
2025.06.23 14:01:25	1750687285822	3369.47	3369.80	33.0	0.33	0.00	6	0.00
2025.06.23 14:01:27	1750687287480	3369.46	3369.79	33.0	0.33	0.00	6	0.00
2025.06.23 14:01:30	1750687290443	3369.40	3369.73	33.0	0.33	0.00	6	0.00
2025.06.23 14:01:30	1750687290783	3369.52	3369.85	33.0	0.33	0.00	6	0.00
2025.06.23 14:01:31	1750687291108	3369.50	3369.83	33.0	0.33	0.00	6	0.00
2025.06.23 14:01:31	1750687291433	3369.45	3369.78	33.0	0.33	0.00	6	0.00
2025.06.23 14:01:32	1750687292117	3369.43	3369.76	33.0	0.33	0.00	6	0.00
2025.06.23 14:01:32	1750687292422	3369.39	3369.72	33.0	0.33	0.00	6	0.00
2025.06.23 14:01:32	1750687292756	3369.35	3369.68	33.0	0.33	0.00	6	0.00
2025.06.23 14:01:34	1750687294081	3369.50	3369.83	33.0	0.33	0.00	6	0.00
2025.06.23 14:01:34	1750687294407	3369.57	3369.90	33.0	0.33	0.00	6	0.00
2025.06.23 14:01:34	1750687294740	3369.51	3369.84	33.0	0.33	0.00	6	0.00
2025.06.23 14:01:35	1750687295071	3369.48	3369.81	33.0	0.33	0.00	6	0.00
2025.06.23 14:01:35	1750687295077	3369.50	3369.83	33.0	0.33	0.00	6	0.00
2025.06.23 14:01:35	1750687295400	3369.58	3369.91	33.0	0.33	0.00	6	0.00
2025.06.23 14:01:37	1750687297708	3369.44	3369.77	33.0	0.33	0.00	6	0.00
2025.06.23 14:01:38	1750687298374	3369.38	3369.71	33.0	0.33	0.00	6	0.00
2025.06.23 14:01:39	1750687299032	3369.46	3369.79	33.0	0.33	0.00	6	0.00
2025.06.23 14:01:39	1750687299044	3369.45	3369.78	33.0	0.33	0.00	6	0.00
2025.06.23 14:01:39	1750687299366	3369.39	3369.72	33.0	0.33	0.00	6	0.00
2025.06.23 14:01:39	1750687299690	3369.50	3369.83	33.0	0.33	0.00	6	0.00
2025.06.23 14:01:40	1750687300019	3369.47	3369.80	33.0	0.33	0.00	6	0.00
2025.06.23 14:01:40	1750687300039	3369.48	3369.81	33.0	0.33	0.00	6	0.00
2025.06.23 14:01:42	1750687302002	3369.49	3369.82	33.0	0.33	0.00	6	0.00
2025.06.23 14:01:42	1750687302329	3369.46	3369.79	33.0	0.33	0.00	6	0.00
2025.06.23 14:01:42	1750687302987	3369.45	3369.78	33.0	0.33	0.00	6	0.00
2025.06.23 14:01:43	1750687303320	3369.46	3369.79	33.0	0.33	0.00	6	0.00
2025.06.23 14:01:43	1750687303975	3369.51	3369.84	33.0	0.33	0.00	6	0.00
2025.06.23 14:01:44	1750687304640	3369.42	3369.75	33.0	0.33	0.00	6	0.00
2025.06.23 14:01:45	1750687305292	3369.33	3369.66	33.0	0.33	0.00	6	0.00
2025.06.23 14:01:45	1750687305628	3369.31	3369.64	33.0	0.33	0.00	6	0.00
2025.06.23 14:01:46	1750687306627	3369.21	3369.54	33.0	0.33	0.00	6	0.00
2025.06.23 14:01:47	1750687307602	3369.23	3369.56	33.0	0.33	0.00	6	0.00
2025.06.23 14:01:49	1750687309592	3369.29	3369.62	33.0	0.33	0.00	6	0.00
2025.06.23 14:01:50	1750687310254	3369.18	3369.51	33.0	0.33	0.00	6	0.00
2025.06.23 14:01:50	1750687310582	3369.17	3369.50	33.0	0.33	0.00	6	0.00
2025.06.23 14:01:51	1750687311234	3369.14	3369.47	33.0	0.33	0.00	6	0.00
2025.06.23 14:01:51	1750687311572	3369.05	3369.38	33.0	0.33	0.00	6	0.00
2025.06.23 14:01:51	1750687311893	3369.08	3369.41	33.0	0.33	0.00	6	0.00
2025.06.23 14:01:53	1750687313221	3368.85	3369.18	33.0	0.33	0.00	6	0.00
2025.06.23 14:01:53	1750687313873	3368.94	3369.27	33.0	0.33	0.00	6	0.00
2025.06.23 14:01:54	1750687314212	3369.07	3369.40	33.0	0.33	0.00	6	0.00
2025.06.23 14:01:54	1750687314547	3368.97	3369.30	33.0	0.33	0.00	6	0.00
2025.06.23 14:01:55	1750687315529	3368.94	3369.27	33.0	0.33	0.00	6	0.00
2025.06.23 14:01:56	1750687316192	3368.98	3369.31	33.0	0.33	0.00	6	0.00
2025.06.23 14:01:56	1750687316520	3368.93	3369.26	33.0	0.33	0.00	6	0.00
2025.06.23 14:01:58	1750687318500	3368.94	3369.27	33.0	0.33	0.00	6	0.00
2025.06.23 14:02:00	1750687320154	3368.94	3369.27	33.0	0.33	0.00	2	0.00
2025.06.23 14:02:01	1750687321146	3368.89	3369.22	33.0	0.33	0.00	6	0.00
2025.06.23 14:02:01	1750687321472	3368.93	3369.26	33.0	0.33	0.00	6	0.00
2025.06.23 14:02:02	1750687322133	3368.94	3369.27	33.0	0.33	0.00	6	0.00
2025.06.23 14:02:03	1750687323127	3368.95	3369.28	33.0	0.33	0.00	6	0.00
2025.06.23 14:02:03	1750687323454	3368.92	3369.25	33.0	0.33	0.00	6	0.00
2025.06.23 14:02:03	1750687323781	3368.95	3369.28	33.0	0.33	0.00	6	0.00
2025.06.23 14:02:04	1750687324781	3369.04	3369.37	33.0	0.33	0.00	6	0.00
2025.06.23 14:02:05	1750687325103	3369.13	3369.46	33.0	0.33	0.00	6	0.00
2025.06.23 14:02:05	1750687325766	3369.14	3369.47	33.0	0.33	0.00	6	0.00
2025.06.23 14:02:06	1750687326096	3369.41	3369.74	33.0	0.33	0.00	6	0.00
2025.06.23 14:02:06	1750687326422	3369.39	3369.72	33.0	0.33	0.00	6	0.00
2025.06.23 14:02:08	1750687328394	3369.34	3369.67	33.0	0.33	0.00	6	0.00
2025.06.23 14:02:09	1750687329056	3369.19	3369.52	33.0	0.33	0.00	6	0.00
2025.06.23 14:02:09	1750687329720	3369.24	3369.57	33.0	0.33	0.00	6	0.00
2025.06.23 14:02:10	1750687330044	3369.22	3369.55	33.0	0.33	0.00	6	0.00
2025.06.23 14:02:10	1750687330710	3369.23	3369.56	33.0	0.33	0.00	6	0.00
2025.06.23 14:02:11	1750687331043	3369.18	3369.51	33.0	0.33	0.00	6	0.00
2025.06.23 14:02:12	1750687332034	3369.21	3369.54	33.0	0.33	0.00	6	0.00
2025.06.23 14:02:12	1750687332685	3369.23	3369.56	33.0	0.33	0.00	6	0.00
2025.06.23 14:02:13	1750687333346	3369.10	3369.43	33.0	0.33	0.00	6	0.00
2025.06.23 14:02:14	1750687334004	3369.13	3369.46	33.0	0.33	0.00	6	0.00
2025.06.23 14:02:14	1750687334675	3369.04	3369.37	33.0	0.33	0.00	6	0.00
2025.06.23 14:02:14	1750687334999	3369.04	3369.41	37.0	0.37	0.00	4	0.00
2025.06.23 14:02:15	1750687335983	3369.04	3369.37	33.0	0.33	0.00	4	0.00
2025.06.23 14:02:17	1750687337311	3369.03	3369.37	34.0	0.34	0.00	2	0.00
2025.06.23 14:02:18	1750687338297	3369.04	3369.37	33.0	0.33	0.00	2	0.00
2025.06.23 14:02:20	1750687340935	3369.12	3369.45	33.0	0.33	0.00	6	0.00
2025.06.23 14:02:21	1750687341605	3369.15	3369.48	33.0	0.33	0.00	6	0.00
2025.06.23 14:02:23	1750687343253	3369.12	3369.45	33.0	0.33	0.00	6	0.00
2025.06.23 14:02:24	1750687344239	3369.16	3369.48	32.0	0.32	0.00	6	0.00
2025.06.23 14:02:26	1750687346563	3369.19	3369.51	32.0	0.32	0.00	6	0.00
2025.06.23 14:02:26	1750687346880	3369.23	3369.55	32.0	0.32	0.00	6	0.00
2025.06.23 14:02:27	1750687347204	3369.25	3369.56	31.0	0.31	0.00	6	0.00
2025.06.23 14:02:27	1750687347542	3369.18	3369.49	31.0	0.31	0.00	6	0.00
2025.06.23 14:02:28	1750687348201	3369.14	3369.45	31.0	0.31	0.00	6	0.00
2025.06.23 14:02:28	1750687348860	3369.16	3369.47	31.0	0.31	0.00	6	0.00
2025.06.23 14:02:29	1750687349516	3369.18	3369.49	31.0	0.31	0.00	6	0.00
2025.06.23 14:02:31	1750687351172	3369.19	3369.49	30.0	0.30	0.00	2	0.00
2025.06.23 14:02:33	1750687353802	3369.21	3369.51	30.0	0.30	0.00	6	0.00
2025.06.23 14:02:34	1750687354141	3369.20	3369.49	29.0	0.29	0.00	6	0.00
2025.06.23 14:02:36	1750687356780	3369.32	3369.61	29.0	0.29	0.00	6	0.00
2025.06.23 14:02:37	1750687357109	3369.20	3369.49	29.0	0.29	0.00	6	0.00
2025.06.23 14:02:37	1750687357772	3369.21	3369.50	29.0	0.29	0.00	6	0.00
2025.06.23 14:02:38	1750687358096	3369.24	3369.53	29.0	0.29	0.00	6	0.00
2025.06.23 14:02:39	1750687359092	3369.25	3369.54	29.0	0.29	0.00	6	0.00
2025.06.23 14:02:40	1750687360413	3369.23	3369.52	29.0	0.29	0.00	6	0.00
2025.06.23 14:02:41	1750687361077	3369.39	3369.67	28.0	0.28	0.00	6	0.00
2025.06.23 14:02:42	1750687362058	3369.35	3369.64	29.0	0.29	0.00	6	0.00
2025.06.23 14:02:42	1750687362383	3369.38	3369.67	29.0	0.29	0.00	6	0.00
2025.06.23 14:02:43	1750687363052	3369.34	3369.63	29.0	0.29	0.00	6	0.00
2025.06.23 14:02:43	1750687363706	3369.35	3369.64	29.0	0.29	0.00	6	0.00
2025.06.23 14:02:44	1750687364033	3369.36	3369.64	28.0	0.28	0.00	2	0.00
2025.06.23 14:02:44	1750687364375	3369.44	3369.72	28.0	0.28	0.00	6	0.00
2025.06.23 14:02:45	1750687365361	3369.45	3369.73	28.0	0.28	0.00	6	0.00
2025.06.23 14:02:45	1750687365692	3369.44	3369.72	28.0	0.28	0.00	6	0.00
2025.06.23 14:02:46	1750687366342	3369.45	3369.73	28.0	0.28	0.00	6	0.00
2025.06.23 14:02:46	1750687366683	3369.38	3369.66	28.0	0.28	0.00	6	0.00
2025.06.23 14:02:47	1750687367673	3369.40	3369.68	28.0	0.28	0.00	6	0.00
2025.06.23 14:02:47	1750687367992	3369.49	3369.77	28.0	0.28	0.00	6	0.00
2025.06.23 14:02:48	1750687368987	3369.54	3369.82	28.0	0.28	0.00	6	0.00
2025.06.23 14:02:49	1750687369320	3369.60	3369.88	28.0	0.28	0.00	6	0.00
2025.06.23 14:02:50	1750687370311	3369.61	3369.89	28.0	0.28	0.00	6	0.00
2025.06.23 14:02:50	1750687370969	3369.60	3369.88	28.0	0.28	0.00	6	0.00
2025.06.23 14:02:51	1750687371293	3369.61	3369.88	27.0	0.27	0.00	2	0.00
2025.06.23 14:02:53	1750687373603	3369.64	3369.91	27.0	0.27	0.00	6	0.00
2025.06.23 14:02:53	1750687373942	3369.60	3369.87	27.0	0.27	0.00	6	0.00
2025.06.23 14:02:54	1750687374271	3369.62	3369.89	27.0	0.27	0.00	6	0.00
2025.06.23 14:02:54	1750687374931	3369.65	3369.92	27.0	0.27	0.00	6	0.00
2025.06.23 14:02:55	1750687375257	3369.70	3369.96	26.0	0.26	0.00	6	0.00
2025.06.23 14:02:57	1750687377233	3369.75	3370.01	26.0	0.26	0.00	6	0.00
2025.06.23 14:02:58	1750687378228	3369.76	3370.02	26.0	0.26	0.00	6	0.00
2025.06.23 14:02:58	1750687378890	3369.77	3370.03	26.0	0.26	0.00	6	0.00
2025.06.23 14:02:59	1750687379225	3369.77	3370.02	25.0	0.25	0.00	4	0.00
2025.06.23 14:03:00	1750687380213	3369.77	3370.02	25.0	0.25	0.00	2	0.00
2025.06.23 14:03:00	1750687380870	3369.75	3370.00	25.0	0.25	0.00	6	0.00
2025.06.23 14:03:02	1750687382191	3369.86	3370.11	25.0	0.25	0.00	6	0.00
2025.06.23 14:03:03	1750687383180	3369.95	3370.20	25.0	0.25	0.00	6	0.00
2025.06.23 14:03:03	1750687383504	3369.96	3370.21	25.0	0.25	0.00	6	0.00
2025.06.23 14:03:04	1750687384172	3369.98	3370.23	25.0	0.25	0.00	6	0.00
2025.06.23 14:03:05	1750687385162	3370.05	3370.30	25.0	0.25	0.00	6	0.00
2025.06.23 14:03:05	1750687385488	3370.10	3370.35	25.0	0.25	0.00	6	0.00
2025.06.23 14:03:05	1750687385821	3370.07	3370.32	25.0	0.25	0.00	6	0.00
2025.06.23 14:03:07	1750687387140	3370.07	3370.31	24.0	0.24	0.00	4	0.00
2025.06.23 14:03:07	1750687387472	3370.05	3370.29	24.0	0.24	0.00	6	0.00
2025.06.23 14:03:08	1750687388131	3370.11	3370.35	24.0	0.24	0.00	6	0.00
2025.06.23 14:03:09	1750687389116	3370.16	3370.40	24.0	0.24	0.00	6	0.00
2025.06.23 14:03:09	1750687389460	3370.08	3370.32	24.0	0.24	0.00	6	0.00
2025.06.23 14:03:09	1750687389782	3370.15	3370.39	24.0	0.24	0.00	6	0.00
2025.06.23 14:03:10	1750687390114	3370.15	3370.43	28.0	0.28	0.00	4	0.00
2025.06.23 14:03:10	1750687390442	3370.16	3370.44	28.0	0.28	0.00	6	0.00
2025.06.23 14:03:10	1750687390775	3370.17	3370.45	28.0	0.28	0.00	6	0.00
2025.06.23 14:03:11	1750687391093	3370.17	3370.41	24.0	0.24	0.00	4	0.00
2025.06.23 14:03:11	1750687391429	3370.18	3370.42	24.0	0.24	0.00	6	0.00
2025.06.23 14:03:11	1750687391762	3370.30	3370.55	25.0	0.25	0.00	6	0.00
2025.06.23 14:03:11	1750687391795	3370.27	3370.52	25.0	0.25	0.00	6	0.00
2025.06.23 14:03:12	1750687392092	3370.20	3370.43	23.0	0.23	0.00	6	0.00
2025.06.23 14:03:12	1750687392750	3370.22	3370.45	23.0	0.23	0.00	6	0.00
2025.06.23 14:03:13	1750687393085	3370.25	3370.48	23.0	0.23	0.00	6	0.00
2025.06.23 14:03:13	1750687393409	3370.26	3370.49	23.0	0.23	0.00	6	0.00
2025.06.23 14:03:13	1750687393745	3370.18	3370.41	23.0	0.23	0.00	6	0.00
2025.06.23 14:03:14	1750687394724	3370.16	3370.39	23.0	0.23	0.00	6	0.00
2025.06.23 14:03:15	1750687395061	3370.17	3370.40	23.0	0.23	0.00	6	0.00
2025.06.23 14:03:15	1750687395726	3370.08	3370.31	23.0	0.23	0.00	6	0.00
2025.06.23 14:03:16	1750687396051	3369.87	3370.11	24.0	0.24	0.00	6	0.00
2025.06.23 14:03:16	1750687396379	3369.88	3370.12	24.0	0.24	0.00	6	0.00
2025.06.23 14:03:17	1750687397374	3369.88	3370.13	25.0	0.25	0.00	4	0.00
2025.06.23 14:03:19	1750687399347	3369.88	3370.12	24.0	0.24	0.00	4	0.00
2025.06.23 14:03:19	1750687399684	3369.85	3370.09	24.0	0.24	0.00	6	0.00
2025.06.23 14:03:20	1750687400340	3369.87	3370.11	24.0	0.24	0.00	6	0.00
2025.06.23 14:03:20	1750687400666	3369.77	3370.01	24.0	0.24	0.00	6	0.00
2025.06.23 14:03:21	1750687401659	3369.76	3370.00	24.0	0.24	0.00	6	0.00
2025.06.23 14:03:21	1750687401678	3369.73	3369.97	24.0	0.24	0.00	6	0.00
2025.06.23 14:03:21	1750687401984	3369.66	3369.90	24.0	0.24	0.00	6	0.00
2025.06.23 14:03:22	1750687402318	3369.65	3369.90	25.0	0.25	0.00	2	0.00
2025.06.23 14:03:22	1750687402645	3369.56	3369.81	25.0	0.25	0.00	6	0.00
2025.06.23 14:03:23	1750687403314	3369.61	3369.86	25.0	0.25	0.00	6	0.00
2025.06.23 14:03:23	1750687403637	3369.70	3369.95	25.0	0.25	0.00	6	0.00
2025.06.23 14:03:24	1750687404293	3369.74	3370.00	26.0	0.26	0.00	6	0.00
2025.06.23 14:03:25	1750687405289	3369.75	3370.00	25.0	0.25	0.00	2	0.00
2025.06.23 14:03:26	1750687406612	3369.79	3370.04	25.0	0.25	0.00	6	0.00
2025.06.23 14:03:27	1750687407268	3369.82	3370.07	25.0	0.25	0.00	6	0.00
2025.06.23 14:03:27	1750687407601	3369.89	3370.14	25.0	0.25	0.00	6	0.00
2025.06.23 14:03:27	1750687407930	3369.84	3370.09	25.0	0.25	0.00	6	0.00
2025.06.23 14:03:28	1750687408267	3369.92	3370.17	25.0	0.25	0.00	6	0.00
2025.06.23 14:03:28	1750687408921	3369.82	3370.07	25.0	0.25	0.00	6	0.00
2025.06.23 14:03:29	1750687409248	3369.96	3370.21	25.0	0.25	0.00	6	0.00
2025.06.23 14:03:29	1750687409577	3369.98	3370.23	25.0	0.25	0.00	6	0.00
2025.06.23 14:03:29	1750687409911	3369.93	3370.18	25.0	0.25	0.00	6	0.00
2025.06.23 14:03:30	1750687410237	3369.98	3370.23	25.0	0.25	0.00	6	0.00
2025.06.23 14:03:30	1750687410566	3370.02	3370.27	25.0	0.25	0.00	6	0.00
2025.06.23 14:03:30	1750687410897	3369.99	3370.24	25.0	0.25	0.00	6	0.00
2025.06.23 14:03:31	1750687411233	3369.93	3370.18	25.0	0.25	0.00	6	0.00
2025.06.23 14:03:31	1750687411882	3369.92	3370.17	25.0	0.25	0.00	6	0.00
2025.06.23 14:03:32	1750687412882	3369.91	3370.16	25.0	0.25	0.00	6	0.00
2025.06.23 14:03:33	1750687413214	3369.91	3370.15	24.0	0.24	0.00	4	0.00
2025.06.23 14:03:34	1750687414200	3369.97	3370.21	24.0	0.24	0.00	6	0.00
2025.06.23 14:03:34	1750687414862	3369.99	3370.23	24.0	0.24	0.00	6	0.00
2025.06.23 14:03:35	1750687415512	3370.02	3370.26	24.0	0.24	0.00	6	0.00
2025.06.23 14:03:37	1750687417504	3370.09	3370.33	24.0	0.24	0.00	6	0.00
2025.06.23 14:03:37	1750687417835	3370.10	3370.34	24.0	0.24	0.00	6	0.00
2025.06.23 14:03:38	1750687418491	3370.11	3370.35	24.0	0.24	0.00	6	0.00
2025.06.23 14:03:39	1750687419156	3370.12	3370.35	23.0	0.23	0.00	2	0.00
2025.06.23 14:03:40	1750687420148	3370.21	3370.44	23.0	0.23	0.00	6	0.00
2025.06.23 14:03:40	1750687420472	3370.23	3370.46	23.0	0.23	0.00	6	0.00
2025.06.23 14:03:40	1750687420797	3370.26	3370.49	23.0	0.23	0.00	6	0.00
2025.06.23 14:03:41	1750687421129	3370.23	3370.48	25.0	0.25	0.00	6	0.00
2025.06.23 14:03:41	1750687421791	3370.25	3370.50	25.0	0.25	0.00	6	0.00
2025.06.23 14:03:42	1750687422122	3370.27	3370.51	24.0	0.24	0.00	6	0.00
2025.06.23 14:03:42	1750687422777	3370.30	3370.54	24.0	0.24	0.00	6	0.00
2025.06.23 14:03:46	1750687426079	3370.31	3370.54	23.0	0.23	0.00	2	0.00
2025.06.23 14:03:46	1750687426413	3370.37	3370.60	23.0	0.23	0.00	6	0.00
2025.06.23 14:03:46	1750687426733	3370.38	3370.61	23.0	0.23	0.00	6	0.00
2025.06.23 14:03:47	1750687427402	3370.36	3370.60	24.0	0.24	0.00	6	0.00
2025.06.23 14:03:47	1750687427729	3370.37	3370.61	24.0	0.24	0.00	6	0.00
2025.06.23 14:03:48	1750687428385	3370.32	3370.55	23.0	0.23	0.00	6	0.00
2025.06.23 14:03:49	1750687429379	3370.29	3370.52	23.0	0.23	0.00	6	0.00
2025.06.23 14:03:51	1750687431362	3370.21	3370.44	23.0	0.23	0.00	6	0.00
2025.06.23 14:03:51	1750687431689	3370.27	3370.50	23.0	0.23	0.00	6	0.00
2025.06.23 14:03:52	1750687432678	3370.28	3370.51	23.0	0.23	0.00	6	0.00
2025.06.23 14:03:53	1750687433346	3370.30	3370.53	23.0	0.23	0.00	6	0.00
2025.06.23 14:03:54	1750687434349	3370.34	3370.57	23.0	0.23	0.00	6	0.00
2025.06.23 14:03:54	1750687434654	3370.38	3370.61	23.0	0.23	0.00	6	0.00
2025.06.23 14:03:55	1750687435977	3370.40	3370.63	23.0	0.23	0.00	6	0.00
2025.06.23 14:03:56	1750687436305	3370.47	3370.70	23.0	0.23	0.00	6	0.00
2025.06.23 14:03:56	1750687436649	3370.48	3370.71	23.0	0.23	0.00	6	0.00
2025.06.23 14:03:57	1750687437298	3370.49	3370.72	23.0	0.23	0.00	6	0.00
2025.06.23 14:03:58	1750687438619	3370.50	3370.73	23.0	0.23	0.00	6	0.00
2025.06.23 14:04:00	1750687440273	3370.48	3370.71	23.0	0.23	0.00	6	0.00
2025.06.23 14:04:00	1750687440931	3370.58	3370.81	23.0	0.23	0.00	6	0.00
2025.06.23 14:04:01	1750687441933	3370.63	3370.86	23.0	0.23	0.00	6	0.00
2025.06.23 14:04:02	1750687442243	3370.68	3370.91	23.0	0.23	0.00	6	0.00
2025.06.23 14:04:02	1750687442903	3370.71	3370.94	23.0	0.23	0.00	6	0.00
2025.06.23 14:04:03	1750687443243	3370.68	3370.91	23.0	0.23	0.00	6	0.00
2025.06.23 14:04:03	1750687443252	3370.69	3370.92	23.0	0.23	0.00	6	0.00
2025.06.23 14:04:03	1750687443569	3370.68	3370.91	23.0	0.23	0.00	6	0.00
2025.06.23 14:04:05	1750687445219	3370.69	3370.92	23.0	0.23	0.00	6	0.00
2025.06.23 14:04:05	1750687445551	3370.68	3370.91	23.0	0.23	0.00	6	0.00
2025.06.23 14:04:05	1750687445872	3370.60	3370.83	23.0	0.23	0.00	6	0.00
2025.06.23 14:04:06	1750687446212	3370.67	3370.90	23.0	0.23	0.00	6	0.00
2025.06.23 14:04:07	1750687447202	3370.81	3371.04	23.0	0.23	0.00	6	0.00
2025.06.23 14:04:07	1750687447534	3370.68	3370.91	23.0	0.23	0.00	6	0.00
2025.06.23 14:04:07	1750687447543	3370.72	3370.95	23.0	0.23	0.00	6	0.00
2025.06.23 14:04:07	1750687447860	3370.73	3370.96	23.0	0.23	0.00	6	0.00
2025.06.23 14:04:08	1750687448521	3370.68	3370.91	23.0	0.23	0.00	6	0.00
2025.06.23 14:04:10	1750687450173	3370.78	3371.01	23.0	0.23	0.00	6	0.00
2025.06.23 14:04:10	1750687450501	3370.77	3371.00	23.0	0.23	0.00	6	0.00
2025.06.23 14:04:11	1750687451488	3370.67	3370.90	23.0	0.23	0.00	6	0.00
2025.06.23 14:04:12	1750687452481	3370.72	3370.95	23.0	0.23	0.00	6	0.00
2025.06.23 14:04:13	1750687453472	3370.63	3370.94	31.0	0.31	0.00	6	0.00
2025.06.23 14:04:14	1750687454131	3370.75	3371.08	33.0	0.33	0.00	6	0.00
2025.06.23 14:04:14	1750687454459	3370.86	3371.09	23.0	0.23	0.00	6	0.00
2025.06.23 14:04:16	1750687456775	3370.88	3371.11	23.0	0.23	0.00	6	0.00
2025.06.23 14:04:20	1750687460072	3370.87	3371.10	23.0	0.23	0.00	6	0.00
2025.06.23 14:04:21	1750687461062	3370.94	3371.17	23.0	0.23	0.00	6	0.00
2025.06.23 14:04:21	1750687461069	3370.90	3371.13	23.0	0.23	0.00	6	0.00
2025.06.23 14:04:21	1750687461391	3370.88	3371.11	23.0	0.23	0.00	6	0.00
2025.06.23 14:04:21	1750687461714	3370.89	3371.12	23.0	0.23	0.00	6	0.00
2025.06.23 14:04:22	1750687462051	3370.93	3371.16	23.0	0.23	0.00	6	0.00
2025.06.23 14:04:22	1750687462383	3371.00	3371.23	23.0	0.23	0.00	6	0.00
2025.06.23 14:04:23	1750687463701	3371.03	3371.26	23.0	0.23	0.00	6	0.00
2025.06.23 14:04:24	1750687464360	3371.01	3371.24	23.0	0.23	0.00	6	0.00
2025.06.23 14:04:24	1750687464691	3370.94	3371.17	23.0	0.23	0.00	6	0.00
2025.06.23 14:04:25	1750687465349	3370.87	3371.10	23.0	0.23	0.00	6	0.00
2025.06.23 14:04:27	1750687467665	3370.89	3371.12	23.0	0.23	0.00	6	0.00
2025.06.23 14:04:27	1750687467983	3370.90	3371.13	23.0	0.23	0.00	6	0.00
2025.06.23 14:04:28	1750687468649	3370.94	3371.17	23.0	0.23	0.00	6	0.00
2025.06.23 14:04:28	1750687468978	3370.90	3371.13	23.0	0.23	0.00	6	0.00
2025.06.23 14:04:29	1750687469307	3370.92	3371.15	23.0	0.23	0.00	6	0.00
2025.06.23 14:04:29	1750687469967	3371.01	3371.24	23.0	0.23	0.00	6	0.00
2025.06.23 14:04:30	1750687470302	3370.94	3371.17	23.0	0.23	0.00	6	0.00
2025.06.23 14:04:30	1750687470632	3370.95	3371.18	23.0	0.23	0.00	6	0.00
2025.06.23 14:04:31	1750687471290	3370.93	3371.16	23.0	0.23	0.00	6	0.00
2025.06.23 14:04:32	1750687472280	3370.91	3371.14	23.0	0.23	0.00	6	0.00
2025.06.23 14:04:32	1750687472943	3370.93	3371.16	23.0	0.23	0.00	6	0.00
2025.06.23 14:04:33	1750687473604	3370.84	3371.07	23.0	0.23	0.00	6	0.00
2025.06.23 14:04:33	1750687473932	3370.91	3371.14	23.0	0.23	0.00	6	0.00
2025.06.23 14:04:34	1750687474255	3370.92	3371.15	23.0	0.23	0.00	6	0.00
2025.06.23 14:04:34	1750687474591	3370.86	3371.09	23.0	0.23	0.00	6	0.00
2025.06.23 14:04:34	1750687474921	3370.84	3371.07	23.0	0.23	0.00	6	0.00
2025.06.23 14:04:36	1750687476573	3370.74	3370.97	23.0	0.23	0.00	6	0.00
2025.06.23 14:04:36	1750687476902	3370.80	3371.03	23.0	0.23	0.00	6	0.00
2025.06.23 14:04:37	1750687477232	3370.85	3371.08	23.0	0.23	0.00	6	0.00
2025.06.23 14:04:37	1750687477564	3370.84	3371.07	23.0	0.23	0.00	6	0.00
2025.06.23 14:04:38	1750687478214	3370.90	3371.13	23.0	0.23	0.00	6	0.00
2025.06.23 14:04:39	1750687479216	3370.84	3371.07	23.0	0.23	0.00	6	0.00
2025.06.23 14:04:39	1750687479865	3370.89	3371.12	23.0	0.23	0.00	6	0.00
2025.06.23 14:04:40	1750687480202	3370.90	3371.13	23.0	0.23	0.00	6	0.00
2025.06.23 14:04:40	1750687480527	3370.93	3371.16	23.0	0.23	0.00	6	0.00
2025.06.23 14:04:41	1750687481190	3370.81	3371.04	23.0	0.23	0.00	6	0.00
2025.06.23 14:04:41	1750687481519	3370.83	3371.06	23.0	0.23	0.00	6	0.00
2025.06.23 14:04:41	1750687481851	3370.81	3371.04	23.0	0.23	0.00	6	0.00
2025.06.23 14:04:42	1750687482173	3370.83	3371.06	23.0	0.23	0.00	6	0.00
2025.06.23 14:04:43	1750687483174	3370.72	3370.95	23.0	0.23	0.00	6	0.00
2025.06.23 14:04:43	1750687483829	3370.73	3370.96	23.0	0.23	0.00	6	0.00
2025.06.23 14:04:44	1750687484489	3370.75	3370.98	23.0	0.23	0.00	6	0.00
2025.06.23 14:04:44	1750687484816	3370.80	3371.03	23.0	0.23	0.00	6	0.00
2025.06.23 14:04:45	1750687485486	3370.81	3371.04	23.0	0.23	0.00	6	0.00
2025.06.23 14:04:45	1750687485821	3370.83	3371.06	23.0	0.23	0.00	6	0.00
2025.06.23 14:04:46	1750687486143	3370.86	3371.09	23.0	0.23	0.00	6	0.00
2025.06.23 14:04:46	1750687486801	3370.83	3371.06	23.0	0.23	0.00	6	0.00
2025.06.23 14:04:47	1750687487463	3370.88	3371.11	23.0	0.23	0.00	6	0.00
2025.06.23 14:04:47	1750687487783	3370.90	3371.13	23.0	0.23	0.00	6	0.00
2025.06.23 14:04:47	1750687487798	3370.91	3371.14	23.0	0.23	0.00	6	0.00
2025.06.23 14:04:48	1750687488779	3370.92	3371.15	23.0	0.23	0.00	6	0.00
2025.06.23 14:04:51	1750687491421	3370.99	3371.22	23.0	0.23	0.00	6	0.00
2025.06.23 14:04:52	1750687492411	3371.02	3371.25	23.0	0.23	0.00	6	0.00
2025.06.23 14:04:53	1750687493401	3370.98	3371.25	27.0	0.27	0.00	2	0.00
2025.06.23 14:04:53	1750687493741	3370.97	3371.24	27.0	0.27	0.00	6	0.00
2025.06.23 14:04:54	1750687494389	3371.02	3371.25	23.0	0.23	0.00	6	0.00
2025.06.23 14:04:56	1750687496373	3371.05	3371.28	23.0	0.23	0.00	6	0.00
2025.06.23 14:04:56	1750687496700	3371.10	3371.33	23.0	0.23	0.00	6	0.00
2025.06.23 14:04:57	1750687497038	3371.13	3371.36	23.0	0.23	0.00	6	0.00
2025.06.23 14:04:57	1750687497683	3371.02	3371.25	23.0	0.23	0.00	6	0.00
2025.06.23 14:05:00	1750687500330	3371.00	3371.23	23.0	0.23	0.00	6	0.00
2025.06.23 14:05:00	1750687500659	3371.07	3371.30	23.0	0.23	0.00	6	0.00
2025.06.23 14:05:00	1750687500996	3371.11	3371.34	23.0	0.23	0.00	6	0.00
2025.06.23 14:05:01	1750687501318	3371.13	3371.36	23.0	0.23	0.00	6	0.00
2025.06.23 14:05:01	1750687501651	3371.18	3371.41	23.0	0.23	0.00	6	0.00
2025.06.23 14:05:01	1750687501980	3371.39	3371.62	23.0	0.23	0.00	6	0.00
2025.06.23 14:05:02	1750687502643	3371.42	3371.65	23.0	0.23	0.00	6	0.00
2025.06.23 14:05:02	1750687502982	3371.46	3371.86	40.0	0.40	0.00	6	0.00
2025.06.23 14:05:03	1750687503301	3371.49	3371.90	41.0	0.41	0.00	6	0.00
2025.06.23 14:05:03	1750687503633	3371.52	3371.95	43.0	0.43	0.00	6	0.00
2025.06.23 14:05:03	1750687503962	3371.43	3371.66	23.0	0.23	0.00	6	0.00
2025.06.23 14:05:04	1750687504291	3371.38	3371.61	23.0	0.23	0.00	6	0.00
2025.06.23 14:05:04	1750687504627	3371.43	3371.66	23.0	0.23	0.00	6	0.00
2025.06.23 14:05:04	1750687504944	3371.38	3371.61	23.0	0.23	0.00	6	0.00
2025.06.23 14:05:05	1750687505288	3371.38	3371.62	24.0	0.24	0.00	4	0.00
2025.06.23 14:05:05	1750687505608	3371.41	3371.65	24.0	0.24	0.00	6	0.00
2025.06.23 14:05:05	1750687505945	3371.47	3371.71	24.0	0.24	0.00	6	0.00
2025.06.23 14:05:06	1750687506270	3371.48	3371.72	24.0	0.24	0.00	6	0.00
2025.06.23 14:05:06	1750687506593	3371.42	3371.66	24.0	0.24	0.00	6	0.00
2025.06.23 14:05:07	1750687507255	3371.37	3371.61	24.0	0.24	0.00	6	0.00
2025.06.23 14:05:07	1750687507913	3371.31	3371.55	24.0	0.24	0.00	6	0.00
2025.06.23 14:05:08	1750687508257	3371.18	3371.51	33.0	0.33	0.00	6	0.00
2025.06.23 14:05:08	1750687508578	3371.39	3371.72	33.0	0.33	0.00	6	0.00
2025.06.23 14:05:08	1750687508910	3371.47	3371.72	25.0	0.25	0.00	2	0.00
2025.06.23 14:05:09	1750687509244	3371.48	3371.73	25.0	0.25	0.00	6	0.00
2025.06.23 14:05:10	1750687510229	3371.47	3371.74	27.0	0.27	0.00	6	0.00
2025.06.23 14:05:11	1750687511220	3371.37	3371.64	27.0	0.27	0.00	6	0.00
2025.06.23 14:05:12	1750687512543	3371.27	3371.54	27.0	0.27	0.00	6	0.00
2025.06.23 14:05:12	1750687512870	3371.30	3371.57	27.0	0.27	0.00	6	0.00
2025.06.23 14:05:13	1750687513201	3371.26	3371.53	27.0	0.27	0.00	6	0.00
2025.06.23 14:05:13	1750687513531	3371.36	3371.63	27.0	0.27	0.00	6	0.00
2025.06.23 14:05:13	1750687513861	3371.43	3371.70	27.0	0.27	0.00	6	0.00
2025.06.23 14:05:14	1750687514183	3371.56	3371.84	28.0	0.28	0.00	6	0.00
2025.06.23 14:05:14	1750687514850	3371.62	3371.90	28.0	0.28	0.00	6	0.00
2025.06.23 14:05:15	1750687515180	3371.60	3371.92	32.0	0.32	0.00	6	0.00
2025.06.23 14:05:16	1750687516170	3371.60	3371.91	31.0	0.31	0.00	4	0.00
2025.06.23 14:05:17	1750687517482	3371.69	3372.00	31.0	0.31	0.00	6	0.00
2025.06.23 14:05:17	1750687517814	3371.70	3372.01	31.0	0.31	0.00	6	0.00
2025.06.23 14:05:18	1750687518152	3371.66	3371.97	31.0	0.31	0.00	6	0.00
2025.06.23 14:05:18	1750687518483	3371.60	3371.91	31.0	0.31	0.00	6	0.00
2025.06.23 14:05:18	1750687518809	3371.58	3371.89	31.0	0.31	0.00	6	0.00
2025.06.23 14:05:19	1750687519138	3371.58	3371.88	30.0	0.30	0.00	4	0.00
2025.06.23 14:05:19	1750687519796	3371.75	3372.05	30.0	0.30	0.00	6	0.00
2025.06.23 14:05:20	1750687520462	3371.78	3372.08	30.0	0.30	0.00	6	0.00
2025.06.23 14:05:20	1750687520793	3371.79	3372.09	30.0	0.30	0.00	6	0.00
2025.06.23 14:05:21	1750687521121	3371.90	3372.21	31.0	0.31	0.00	6	0.00
2025.06.23 14:05:21	1750687521442	3371.91	3372.22	31.0	0.31	0.00	6	0.00
2025.06.23 14:05:22	1750687522770	3371.95	3372.26	31.0	0.31	0.00	6	0.00
2025.06.23 14:05:23	1750687523094	3371.95	3372.27	32.0	0.32	0.00	4	0.00
2025.06.23 14:05:23	1750687523422	3371.90	3372.22	32.0	0.32	0.00	6	0.00
2025.06.23 14:05:24	1750687524085	3371.91	3372.22	31.0	0.31	0.00	2	0.00
2025.06.23 14:05:24	1750687524420	3371.83	3372.14	31.0	0.31	0.00	6	0.00
2025.06.23 14:05:24	1750687524753	3371.88	3372.19	31.0	0.31	0.00	6	0.00
2025.06.23 14:05:25	1750687525075	3372.07	3372.38	31.0	0.31	0.00	6	0.00
2025.06.23 14:05:25	1750687525412	3372.05	3372.36	31.0	0.31	0.00	6	0.00
2025.06.23 14:05:25	1750687525742	3372.11	3372.42	31.0	0.31	0.00	6	0.00
2025.06.23 14:05:26	1750687526070	3372.13	3372.45	32.0	0.32	0.00	6	0.00
2025.06.23 14:05:26	1750687526396	3372.14	3372.46	32.0	0.32	0.00	6	0.00
2025.06.23 14:05:27	1750687527052	3372.14	3372.45	31.0	0.31	0.00	4	0.00
2025.06.23 14:05:27	1750687527390	3372.13	3372.44	31.0	0.31	0.00	6	0.00
2025.06.23 14:05:27	1750687527714	3372.13	3372.45	32.0	0.32	0.00	4	0.00
2025.06.23 14:05:28	1750687528381	3372.12	3372.44	32.0	0.32	0.00	6	0.00
2025.06.23 14:05:28	1750687528713	3372.12	3372.43	31.0	0.31	0.00	4	0.00
2025.06.23 14:05:29	1750687529699	3372.13	3372.44	31.0	0.31	0.00	6	0.00
2025.06.23 14:05:30	1750687530031	3372.05	3372.36	31.0	0.31	0.00	6	0.00
2025.06.23 14:05:30	1750687530365	3372.05	3372.35	30.0	0.30	0.00	4	0.00
2025.06.23 14:05:30	1750687530689	3372.01	3372.31	30.0	0.30	0.00	6	0.00
2025.06.23 14:05:31	1750687531023	3371.95	3372.25	30.0	0.30	0.00	6	0.00
2025.06.23 14:05:31	1750687531350	3371.91	3372.22	31.0	0.31	0.00	6	0.00
2025.06.23 14:05:31	1750687531684	3371.98	3372.29	31.0	0.31	0.00	6	0.00
2025.06.23 14:05:32	1750687532339	3371.84	3372.15	31.0	0.31	0.00	6	0.00
2025.06.23 14:05:32	1750687532670	3371.29	3371.70	41.0	0.41	0.00	6	0.00
2025.06.23 14:05:33	1750687533003	3371.25	3371.65	40.0	0.40	0.00	6	0.00
2025.06.23 14:05:33	1750687533011	3371.24	3371.64	40.0	0.40	0.00	6	0.00
2025.06.23 14:05:33	1750687533326	3371.20	3371.59	39.0	0.39	0.00	6	0.00
2025.06.23 14:05:33	1750687533665	3371.34	3371.65	31.0	0.31	0.00	6	0.00
2025.06.23 14:05:33	1750687533993	3371.28	3371.59	31.0	0.31	0.00	6	0.00
2025.06.23 14:05:34	1750687534327	3371.25	3371.58	33.0	0.33	0.00	6	0.00
2025.06.23 14:05:34	1750687534649	3371.31	3371.64	33.0	0.33	0.00	6	0.00
2025.06.23 14:05:34	1750687534978	3371.17	3371.50	33.0	0.33	0.00	6	0.00
2025.06.23 14:05:35	1750687535306	3371.28	3371.61	33.0	0.33	0.00	6	0.00
2025.06.23 14:05:35	1750687535638	3371.30	3371.63	33.0	0.33	0.00	6	0.00
2025.06.23 14:05:35	1750687535964	3371.32	3371.65	33.0	0.33	0.00	6	0.00
2025.06.23 14:05:36	1750687536960	3371.50	3371.83	33.0	0.33	0.00	6	0.00
2025.06.23 14:05:37	1750687537287	3371.56	3371.89	33.0	0.33	0.00	6	0.00
2025.06.23 14:05:37	1750687537629	3371.49	3371.82	33.0	0.33	0.00	6	0.00
2025.06.23 14:05:38	1750687538284	3371.58	3371.91	33.0	0.33	0.00	6	0.00
2025.06.23 14:05:38	1750687538615	3371.74	3372.07	33.0	0.33	0.00	6	0.00
2025.06.23 14:05:38	1750687538942	3371.76	3372.09	33.0	0.33	0.00	6	0.00
2025.06.23 14:05:39	1750687539271	3372.04	3372.37	33.0	0.33	0.00	6	0.00
2025.06.23 14:05:39	1750687539602	3372.01	3372.34	33.0	0.33	0.00	6	0.00
2025.06.23 14:05:40	1750687540261	3372.07	3372.40	33.0	0.33	0.00	6	0.00
2025.06.23 14:05:40	1750687540589	3372.40	3372.73	33.0	0.33	0.00	6	0.00
2025.06.23 14:05:40	1750687540925	3372.28	3372.61	33.0	0.33	0.00	6	0.00
2025.06.23 14:05:40	1750687540940	3372.30	3372.63	33.0	0.33	0.00	6	0.00
2025.06.23 14:05:41	1750687541250	3372.33	3372.66	33.0	0.33	0.00	6	0.00
2025.06.23 14:05:41	1750687541578	3372.44	3372.77	33.0	0.33	0.00	6	0.00
2025.06.23 14:05:41	1750687541910	3372.48	3372.82	34.0	0.34	0.00	6	0.00
2025.06.23 14:05:42	1750687542239	3372.52	3372.86	34.0	0.34	0.00	6	0.00
2025.06.23 14:05:42	1750687542254	3372.50	3372.84	34.0	0.34	0.00	6	0.00
2025.06.23 14:05:42	1750687542571	3372.45	3372.79	34.0	0.34	0.00	6	0.00
2025.06.23 14:05:42	1750687542903	3372.38	3372.71	33.0	0.33	0.00	6	0.00
2025.06.23 14:05:43	1750687543226	3372.34	3372.67	33.0	0.33	0.00	6	0.00
2025.06.23 14:05:43	1750687543565	3372.42	3372.75	33.0	0.33	0.00	6	0.00
2025.06.23 14:05:43	1750687543899	3372.35	3372.68	33.0	0.33	0.00	6	0.00
2025.06.23 14:05:44	1750687544543	3372.32	3372.65	33.0	0.33	0.00	6	0.00
2025.06.23 14:05:44	1750687544881	3372.25	3372.58	33.0	0.33	0.00	6	0.00
2025.06.23 14:05:45	1750687545210	3372.26	3372.59	33.0	0.33	0.00	6	0.00
2025.06.23 14:05:45	1750687545543	3372.21	3372.54	33.0	0.33	0.00	6	0.00
2025.06.23 14:05:45	1750687545869	3372.22	3372.55	33.0	0.33	0.00	6	0.00
2025.06.23 14:05:46	1750687546200	3372.07	3372.40	33.0	0.33	0.00	6	0.00
2025.06.23 14:05:46	1750687546523	3372.11	3372.44	33.0	0.33	0.00	6	0.00
2025.06.23 14:05:46	1750687546853	3372.01	3372.50	49.0	0.49	0.00	6	0.00
2025.06.23 14:05:47	1750687547191	3372.11	3372.64	53.0	0.53	0.00	6	0.00
2025.06.23 14:05:47	1750687547202	3372.12	3372.65	53.0	0.53	0.00	6	0.00
2025.06.23 14:05:47	1750687547519	3372.14	3372.65	51.0	0.51	0.00	2	0.00
2025.06.23 14:05:47	1750687547852	3372.26	3372.59	33.0	0.33	0.00	6	0.00
2025.06.23 14:05:48	1750687548504	3372.25	3372.58	33.0	0.33	0.00	6	0.00
2025.06.23 14:05:48	1750687548837	3372.24	3372.57	33.0	0.33	0.00	6	0.00
2025.06.23 14:05:49	1750687549171	3372.29	3372.62	33.0	0.33	0.00	6	0.00
2025.06.23 14:05:49	1750687549503	3372.24	3372.57	33.0	0.33	0.00	6	0.00
2025.06.23 14:05:49	1750687549833	3372.25	3372.58	33.0	0.33	0.00	6	0.00
2025.06.23 14:05:50	1750687550157	3372.17	3372.50	33.0	0.33	0.00	6	0.00
2025.06.23 14:05:50	1750687550167	3372.15	3372.48	33.0	0.33	0.00	6	0.00
2025.06.23 14:05:50	1750687550494	3372.13	3372.46	33.0	0.33	0.00	6	0.00
2025.06.23 14:05:51	1750687551484	3371.95	3372.28	33.0	0.33	0.00	6	0.00
2025.06.23 14:05:52	1750687552800	3371.97	3372.30	33.0	0.33	0.00	6	0.00
2025.06.23 14:05:53	1750687553788	3371.73	3372.06	33.0	0.33	0.00	6	0.00
2025.06.23 14:05:54	1750687554118	3371.71	3372.04	33.0	0.33	0.00	6	0.00
2025.06.23 14:05:54	1750687554453	3371.63	3371.96	33.0	0.33	0.00	6	0.00
2025.06.23 14:05:54	1750687554779	3371.52	3371.85	33.0	0.33	0.00	6	0.00
2025.06.23 14:05:55	1750687555110	3371.50	3371.83	33.0	0.33	0.00	6	0.00
2025.06.23 14:05:55	1750687555446	3371.52	3371.85	33.0	0.33	0.00	6	0.00
2025.06.23 14:05:55	1750687555776	3371.42	3371.75	33.0	0.33	0.00	6	0.00
2025.06.23 14:05:56	1750687556094	3371.27	3371.60	33.0	0.33	0.00	6	0.00
2025.06.23 14:05:56	1750687556427	3371.21	3371.54	33.0	0.33	0.00	6	0.00
2025.06.23 14:05:56	1750687556759	3371.06	3371.39	33.0	0.33	0.00	6	0.00
2025.06.23 14:05:57	1750687557084	3371.11	3371.44	33.0	0.33	0.00	6	0.00
2025.06.23 14:05:57	1750687557752	3371.13	3371.46	33.0	0.33	0.00	6	0.00
2025.06.23 14:05:59	1750687559400	3371.32	3371.82	50.0	0.50	0.00	6	0.00
2025.06.23 14:05:59	1750687559735	3371.36	3371.90	54.0	0.54	0.00	6	0.00
2025.06.23 14:06:00	1750687560062	3371.36	3371.89	53.0	0.53	0.00	6	0.00
2025.06.23 14:06:00	1750687560392	3371.62	3371.95	33.0	0.33	0.00	6	0.00
2025.06.23 14:06:01	1750687561047	3371.86	3372.19	33.0	0.33	0.00	6	0.00
2025.06.23 14:06:01	1750687561383	3371.76	3372.09	33.0	0.33	0.00	6	0.00
2025.06.23 14:06:01	1750687561713	3371.72	3372.05	33.0	0.33	0.00	6	0.00
2025.06.23 14:06:02	1750687562039	3371.65	3371.98	33.0	0.33	0.00	6	0.00
2025.06.23 14:06:02	1750687562695	3371.66	3371.99	33.0	0.33	0.00	6	0.00
2025.06.23 14:06:03	1750687563030	3371.73	3372.06	33.0	0.33	0.00	6	0.00
2025.06.23 14:06:03	1750687563356	3371.79	3372.12	33.0	0.33	0.00	6	0.00
2025.06.23 14:06:04	1750687564022	3371.85	3372.18	33.0	0.33	0.00	6	0.00
2025.06.23 14:06:05	1750687565332	3371.84	3372.17	33.0	0.33	0.00	6	0.00
2025.06.23 14:06:07	1750687567322	3371.83	3372.16	33.0	0.33	0.00	6	0.00
2025.06.23 14:06:07	1750687567981	3371.84	3372.17	33.0	0.33	0.00	6	0.00
2025.06.23 14:06:09	1750687569968	3371.97	3372.30	33.0	0.33	0.00	6	0.00
2025.06.23 14:06:10	1750687570293	3371.93	3372.26	33.0	0.33	0.00	6	0.00
2025.06.23 14:06:10	1750687570949	3371.77	3372.10	33.0	0.33	0.00	6	0.00
2025.06.23 14:06:11	1750687571942	3371.45	3371.78	33.0	0.33	0.00	6	0.00
2025.06.23 14:06:12	1750687572270	3371.30	3371.63	33.0	0.33	0.00	6	0.00
2025.06.23 14:06:12	1750687572598	3371.31	3371.64	33.0	0.33	0.00	6	0.00
2025.06.23 14:06:12	1750687572935	3371.37	3371.70	33.0	0.33	0.00	6	0.00
2025.06.23 14:06:13	1750687573256	3371.16	3371.49	33.0	0.33	0.00	6	0.00
2025.06.23 14:06:13	1750687573594	3371.11	3371.44	33.0	0.33	0.00	6	0.00
2025.06.23 14:06:13	1750687573924	3371.22	3371.55	33.0	0.33	0.00	6	0.00
2025.06.23 14:06:14	1750687574243	3371.24	3371.57	33.0	0.33	0.00	6	0.00
2025.06.23 14:06:14	1750687574911	3371.25	3371.58	33.0	0.33	0.00	6	0.00
2025.06.23 14:06:15	1750687575894	3371.26	3371.59	33.0	0.33	0.00	6	0.00
2025.06.23 14:06:16	1750687576232	3371.23	3371.56	33.0	0.33	0.00	6	0.00
2025.06.23 14:06:16	1750687576553	3371.24	3371.57	33.0	0.33	0.00	6	0.00
2025.06.23 14:06:17	1750687577220	3371.25	3371.58	33.0	0.33	0.00	6	0.00
2025.06.23 14:06:19	1750687579864	3371.26	3371.59	33.0	0.33	0.00	6	0.00
2025.06.23 14:06:20	1750687580191	3371.34	3371.67	33.0	0.33	0.00	6	0.00
2025.06.23 14:06:20	1750687580843	3371.30	3371.63	33.0	0.33	0.00	6	0.00
2025.06.23 14:06:21	1750687581183	3371.33	3371.66	33.0	0.33	0.00	6	0.00
2025.06.23 14:06:23	1750687583486	3371.34	3371.67	33.0	0.33	0.00	6	0.00
2025.06.23 14:06:23	1750687583819	3371.36	3371.69	33.0	0.33	0.00	6	0.00
2025.06.23 14:06:24	1750687584815	3371.37	3371.70	33.0	0.33	0.00	6	0.00
2025.06.23 14:06:25	1750687585468	3371.41	3371.74	33.0	0.33	0.00	6	0.00
2025.06.23 14:06:26	1750687586123	3371.36	3371.69	33.0	0.33	0.00	6	0.00
2025.06.23 14:06:26	1750687586784	3371.33	3371.66	33.0	0.33	0.00	6	0.00
2025.06.23 14:06:26	1750687586798	3371.30	3371.63	33.0	0.33	0.00	6	0.00
2025.06.23 14:06:27	1750687587114	3371.27	3371.60	33.0	0.33	0.00	6	0.00
2025.06.23 14:06:27	1750687587779	3371.28	3371.61	33.0	0.33	0.00	6	0.00
2025.06.23 14:06:28	1750687588433	3371.29	3371.62	33.0	0.33	0.00	6	0.00
2025.06.23 14:06:29	1750687589430	3371.38	3371.71	33.0	0.33	0.00	6	0.00
2025.06.23 14:06:29	1750687589761	3371.29	3371.62	33.0	0.33	0.00	6	0.00
2025.06.23 14:06:30	1750687590092	3371.17	3371.50	33.0	0.33	0.00	6	0.00
2025.06.23 14:06:32	1750687592730	3371.18	3371.51	33.0	0.33	0.00	6	0.00
2025.06.23 14:06:33	1750687593390	3371.29	3371.62	33.0	0.33	0.00	6	0.00
2025.06.23 14:06:33	1750687593407	3371.27	3371.60	33.0	0.33	0.00	6	0.00
2025.06.23 14:06:33	1750687593727	3371.29	3371.62	33.0	0.33	0.00	6	0.00
2025.06.23 14:06:34	1750687594048	3371.28	3371.61	33.0	0.33	0.00	6	0.00
2025.06.23 14:06:34	1750687594714	3371.31	3371.64	33.0	0.33	0.00	6	0.00
2025.06.23 14:06:35	1750687595039	3371.30	3371.63	33.0	0.33	0.00	6	0.00
2025.06.23 14:06:36	1750687596363	3371.31	3371.64	33.0	0.33	0.00	6	0.00
2025.06.23 14:06:36	1750687596691	3371.30	3371.63	33.0	0.33	0.00	6	0.00
2025.06.23 14:06:37	1750687597355	3371.20	3371.53	33.0	0.33	0.00	6	0.00
2025.06.23 14:06:38	1750687598338	3371.17	3371.50	33.0	0.33	0.00	6	0.00
2025.06.23 14:06:38	1750687598343	3371.19	3371.52	33.0	0.33	0.00	6	0.00
2025.06.23 14:06:38	1750687598995	3371.23	3371.56	33.0	0.33	0.00	6	0.00
2025.06.23 14:06:39	1750687599014	3371.36	3371.69	33.0	0.33	0.00	6	0.00
2025.06.23 14:06:39	1750687599333	3371.39	3371.72	33.0	0.33	0.00	6	0.00
2025.06.23 14:06:40	1750687600318	3371.41	3371.74	33.0	0.33	0.00	6	0.00
2025.06.23 14:06:40	1750687600987	3371.51	3371.84	33.0	0.33	0.00	6	0.00
2025.06.23 14:06:41	1750687601303	3371.44	3371.77	33.0	0.33	0.00	6	0.00
2025.06.23 14:06:41	1750687601640	3371.40	3371.73	33.0	0.33	0.00	6	0.00
2025.06.23 14:06:42	1750687602293	3371.31	3371.64	33.0	0.33	0.00	6	0.00
2025.06.23 14:06:42	1750687602628	3371.41	3371.74	33.0	0.33	0.00	6	0.00
2025.06.23 14:06:43	1750687603292	3371.59	3371.92	33.0	0.33	0.00	6	0.00
2025.06.23 14:06:43	1750687603952	3371.53	3371.86	33.0	0.33	0.00	6	0.00
2025.06.23 14:06:44	1750687604940	3371.54	3371.87	33.0	0.33	0.00	6	0.00
2025.06.23 14:06:46	1750687606583	3371.50	3371.83	33.0	0.33	0.00	6	0.00
2025.06.23 14:06:46	1750687606602	3371.58	3371.91	33.0	0.33	0.00	6	0.00
2025.06.23 14:06:46	1750687606920	3371.69	3372.02	33.0	0.33	0.00	6	0.00
2025.06.23 14:06:47	1750687607243	3371.74	3372.07	33.0	0.33	0.00	6	0.00
2025.06.23 14:06:47	1750687607910	3371.79	3372.12	33.0	0.33	0.00	6	0.00
2025.06.23 14:06:48	1750687608242	3371.80	3372.13	33.0	0.33	0.00	6	0.00
2025.06.23 14:06:49	1750687609893	3371.56	3372.14	58.0	0.58	0.00	6	0.00
2025.06.23 14:06:50	1750687610221	3371.56	3372.08	52.0	0.52	0.00	4	0.00
2025.06.23 14:06:50	1750687610551	3371.52	3372.02	50.0	0.50	0.00	6	0.00
2025.06.23 14:06:50	1750687610882	3371.69	3372.02	33.0	0.33	0.00	2	0.00
2025.06.23 14:06:52	1750687612862	3371.13	3371.51	38.0	0.38	0.00	6	0.00
2025.06.23 14:06:53	1750687613191	3371.10	3371.49	39.0	0.39	0.00	6	0.00
2025.06.23 14:06:53	1750687613854	3371.19	3371.52	33.0	0.33	0.00	6	0.00
2025.06.23 14:06:53	1750687613863	3371.21	3371.54	33.0	0.33	0.00	6	0.00
2025.06.23 14:06:54	1750687614506	3371.04	3371.37	33.0	0.33	0.00	6	0.00
2025.06.23 14:06:55	1750687615170	3371.07	3371.40	33.0	0.33	0.00	6	0.00
2025.06.23 14:06:55	1750687615500	3371.09	3371.42	33.0	0.33	0.00	6	0.00
2025.06.23 14:06:55	1750687615829	3371.00	3371.33	33.0	0.33	0.00	6	0.00
2025.06.23 14:06:56	1750687616152	3371.10	3371.43	33.0	0.33	0.00	6	0.00
2025.06.23 14:06:56	1750687616490	3371.12	3371.45	33.0	0.33	0.00	6	0.00
2025.06.23 14:06:56	1750687616818	3371.13	3371.46	33.0	0.33	0.00	6	0.00
2025.06.23 14:06:57	1750687617157	3371.14	3371.47	33.0	0.33	0.00	6	0.00
2025.06.23 14:06:57	1750687617483	3371.18	3371.51	33.0	0.33	0.00	6	0.00
2025.06.23 14:06:57	1750687617491	3371.20	3371.53	33.0	0.33	0.00	6	0.00
2025.06.23 14:06:57	1750687617816	3371.21	3371.54	33.0	0.33	0.00	6	0.00
2025.06.23 14:06:59	1750687619464	3371.45	3371.78	33.0	0.33	0.00	6	0.00
2025.06.23 14:06:59	1750687619783	3371.43	3371.76	33.0	0.33	0.00	6	0.00
2025.06.23 14:07:00	1750687620115	3371.43	3371.76	33.0	0.33	0.00	2	0.00
2025.06.23 14:07:00	1750687620451	3371.45	3371.78	33.0	0.33	0.00	6	0.00
2025.06.23 14:07:00	1750687620782	3371.47	3371.80	33.0	0.33	0.00	6	0.00
2025.06.23 14:07:01	1750687621117	3371.48	3371.81	33.0	0.33	0.00	6	0.00
2025.06.23 14:07:02	1750687622099	3371.46	3371.79	33.0	0.33	0.00	6	0.00
2025.06.23 14:07:03	1750687623091	3371.57	3371.90	33.0	0.33	0.00	6	0.00
2025.06.23 14:07:04	1750687624412	3371.34	3371.67	33.0	0.33	0.00	6	0.00
2025.06.23 14:07:04	1750687624736	3371.35	3371.68	33.0	0.33	0.00	6	0.00
2025.06.23 14:07:05	1750687625403	3371.33	3371.66	33.0	0.33	0.00	6	0.00
2025.06.23 14:07:06	1750687626054	3371.30	3371.63	33.0	0.33	0.00	6	0.00
2025.06.23 14:07:06	1750687626390	3371.33	3371.66	33.0	0.33	0.00	6	0.00
2025.06.23 14:07:07	1750687627051	3371.35	3371.68	33.0	0.33	0.00	6	0.00
2025.06.23 14:07:07	1750687627374	3371.28	3371.61	33.0	0.33	0.00	6	0.00
2025.06.23 14:07:09	1750687629360	3371.17	3371.50	33.0	0.33	0.00	6	0.00
2025.06.23 14:07:09	1750687629692	3371.17	3371.67	50.0	0.50	0.00	4	0.00
2025.06.23 14:07:10	1750687630682	3371.17	3371.50	33.0	0.33	0.00	4	0.00
2025.06.23 14:07:11	1750687631017	3371.20	3371.53	33.0	0.33	0.00	6	0.00
2025.06.23 14:07:11	1750687631336	3371.30	3371.63	33.0	0.33	0.00	6	0.00
2025.06.23 14:07:11	1750687631670	3371.27	3371.60	33.0	0.33	0.00	6	0.00
2025.06.23 14:07:11	1750687631999	3371.30	3371.63	33.0	0.33	0.00	6	0.00
2025.06.23 14:07:13	1750687633651	3371.23	3371.56	33.0	0.33	0.00	6	0.00
2025.06.23 14:07:13	1750687633986	3371.26	3371.59	33.0	0.33	0.00	6	0.00
2025.06.23 14:07:14	1750687634645	3371.28	3371.61	33.0	0.33	0.00	6	0.00
2025.06.23 14:07:14	1750687634969	3371.20	3371.53	33.0	0.33	0.00	6	0.00
2025.06.23 14:07:16	1750687636293	3371.25	3371.58	33.0	0.33	0.00	6	0.00
2025.06.23 14:07:18	1750687638923	3371.18	3371.51	33.0	0.33	0.00	6	0.00
2025.06.23 14:07:19	1750687639923	3371.25	3371.58	33.0	0.33	0.00	6	0.00
2025.06.23 14:07:20	1750687640251	3371.07	3371.40	33.0	0.33	0.00	6	0.00
2025.06.23 14:07:21	1750687641241	3371.08	3371.41	33.0	0.33	0.00	6	0.00
2025.06.23 14:07:21	1750687641578	3371.05	3371.38	33.0	0.33	0.00	6	0.00
2025.06.23 14:07:21	1750687641901	3371.08	3371.41	33.0	0.33	0.00	6	0.00
2025.06.23 14:07:22	1750687642224	3371.19	3371.52	33.0	0.33	0.00	6	0.00
2025.06.23 14:07:22	1750687642894	3371.14	3371.47	33.0	0.33	0.00	6	0.00
2025.06.23 14:07:23	1750687643212	3371.10	3371.43	33.0	0.33	0.00	6	0.00
2025.06.23 14:07:27	1750687647173	3371.16	3371.49	33.0	0.33	0.00	6	0.00
2025.06.23 14:07:27	1750687647507	3371.06	3371.39	33.0	0.33	0.00	6	0.00
2025.06.23 14:07:27	1750687647842	3371.07	3371.40	33.0	0.33	0.00	6	0.00
2025.06.23 14:07:28	1750687648172	3371.11	3371.44	33.0	0.33	0.00	6	0.00
2025.06.23 14:07:28	1750687648500	3371.13	3371.46	33.0	0.33	0.00	6	0.00
2025.06.23 14:07:29	1750687649154	3371.16	3371.49	33.0	0.33	0.00	6	0.00
2025.06.23 14:07:30	1750687650809	3371.17	3371.50	33.0	0.33	0.00	6	0.00
2025.06.23 14:07:31	1750687651133	3371.16	3371.49	33.0	0.33	0.00	6	0.00
2025.06.23 14:07:31	1750687651463	3371.23	3371.56	33.0	0.33	0.00	6	0.00
2025.06.23 14:07:32	1750687652128	3371.35	3371.68	33.0	0.33	0.00	6	0.00
2025.06.23 14:07:32	1750687652785	3371.37	3371.70	33.0	0.33	0.00	6	0.00
2025.06.23 14:07:33	1750687653459	3371.41	3371.74	33.0	0.33	0.00	6	0.00
2025.06.23 14:07:34	1750687654110	3371.54	3371.87	33.0	0.33	0.00	6	0.00
2025.06.23 14:07:34	1750687654442	3371.49	3371.82	33.0	0.33	0.00	6	0.00
2025.06.23 14:07:34	1750687654771	3371.54	3371.87	33.0	0.33	0.00	6	0.00
2025.06.23 14:07:35	1750687655101	3371.53	3371.86	33.0	0.33	0.00	6	0.00
2025.06.23 14:07:35	1750687655431	3371.61	3371.94	33.0	0.33	0.00	6	0.00
2025.06.23 14:07:35	1750687655440	3371.59	3371.92	33.0	0.33	0.00	6	0.00
2025.06.23 14:07:35	1750687655759	3371.65	3371.98	33.0	0.33	0.00	6	0.00
2025.06.23 14:07:37	1750687657405	3371.68	3372.01	33.0	0.33	0.00	6	0.00
2025.06.23 14:07:37	1750687657733	3371.75	3372.08	33.0	0.33	0.00	6	0.00
2025.06.23 14:07:38	1750687658072	3371.77	3372.10	33.0	0.33	0.00	6	0.00
2025.06.23 14:07:39	1750687659055	3371.77	3372.09	32.0	0.32	0.00	4	0.00
2025.06.23 14:07:39	1750687659392	3371.75	3372.07	32.0	0.32	0.00	6	0.00
2025.06.23 14:07:39	1750687659719	3371.74	3372.06	32.0	0.32	0.00	6	0.00
2025.06.23 14:07:40	1750687660054	3371.61	3371.93	32.0	0.32	0.00	6	0.00
2025.06.23 14:07:40	1750687660373	3371.58	3371.90	32.0	0.32	0.00	6	0.00
2025.06.23 14:07:40	1750687660712	3371.65	3371.97	32.0	0.32	0.00	6	0.00
2025.06.23 14:07:41	1750687661038	3371.67	3371.99	32.0	0.32	0.00	6	0.00
2025.06.23 14:07:41	1750687661373	3371.68	3372.00	32.0	0.32	0.00	6	0.00
2025.06.23 14:07:42	1750687662038	3371.58	3371.90	32.0	0.32	0.00	6	0.00
2025.06.23 14:07:42	1750687662363	3371.59	3371.91	32.0	0.32	0.00	6	0.00
2025.06.23 14:07:42	1750687662692	3371.57	3371.89	32.0	0.32	0.00	6	0.00
2025.06.23 14:07:43	1750687663017	3371.56	3371.88	32.0	0.32	0.00	6	0.00
2025.06.23 14:07:43	1750687663352	3371.59	3371.91	32.0	0.32	0.00	6	0.00
2025.06.23 14:07:43	1750687663682	3371.62	3371.94	32.0	0.32	0.00	6	0.00
2025.06.23 14:07:44	1750687664010	3371.63	3371.95	32.0	0.32	0.00	6	0.00
2025.06.23 14:07:44	1750687664341	3371.63	3371.94	31.0	0.31	0.00	4	0.00
2025.06.23 14:07:44	1750687664669	3371.66	3371.97	31.0	0.31	0.00	6	0.00
2025.06.23 14:07:44	1750687664680	3371.69	3372.00	31.0	0.31	0.00	6	0.00
2025.06.23 14:07:45	1750687665002	3371.73	3372.04	31.0	0.31	0.00	6	0.00
2025.06.23 14:07:45	1750687665985	3371.59	3371.90	31.0	0.31	0.00	6	0.00
2025.06.23 14:07:46	1750687666652	3371.27	3371.74	47.0	0.47	0.00	6	0.00
2025.06.23 14:07:46	1750687666984	3371.27	3371.76	49.0	0.49	0.00	4	0.00
2025.06.23 14:07:47	1750687667303	3371.25	3371.76	51.0	0.51	0.00	2	0.00
2025.06.23 14:07:47	1750687667640	3371.44	3371.76	32.0	0.32	0.00	2	0.00
2025.06.23 14:07:47	1750687667970	3371.41	3371.73	32.0	0.32	0.00	6	0.00
2025.06.23 14:07:48	1750687668303	3371.46	3371.78	32.0	0.32	0.00	6	0.00
2025.06.23 14:07:48	1750687668965	3371.48	3371.80	32.0	0.32	0.00	6	0.00
2025.06.23 14:07:49	1750687669293	3371.31	3371.62	31.0	0.31	0.00	6	0.00
2025.06.23 14:07:49	1750687669619	3371.48	3371.79	31.0	0.31	0.00	6	0.00
2025.06.23 14:07:50	1750687670941	3371.54	3371.85	31.0	0.31	0.00	6	0.00
2025.06.23 14:07:51	1750687671271	3371.52	3371.83	31.0	0.31	0.00	6	0.00
2025.06.23 14:07:51	1750687671605	3371.55	3371.86	31.0	0.31	0.00	6	0.00
2025.06.23 14:07:52	1750687672267	3371.62	3371.93	31.0	0.31	0.00	6	0.00
2025.06.23 14:07:52	1750687672921	3371.59	3371.90	31.0	0.31	0.00	6	0.00
2025.06.23 14:07:53	1750687673253	3371.59	3371.89	30.0	0.30	0.00	4	0.00
2025.06.23 14:07:53	1750687673582	3371.62	3371.92	30.0	0.30	0.00	6	0.00
2025.06.23 14:07:55	1750687675225	3371.66	3371.96	30.0	0.30	0.00	6	0.00
2025.06.23 14:07:56	1750687676553	3371.48	3371.78	30.0	0.30	0.00	6	0.00
2025.06.23 14:07:56	1750687676880	3371.51	3371.81	30.0	0.30	0.00	6	0.00
2025.06.23 14:07:57	1750687677533	3371.49	3371.79	30.0	0.30	0.00	6	0.00
2025.06.23 14:07:58	1750687678202	3371.52	3371.82	30.0	0.30	0.00	6	0.00
2025.06.23 14:07:58	1750687678531	3371.49	3371.79	30.0	0.30	0.00	6	0.00
2025.06.23 14:07:59	1750687679183	3371.49	3371.78	29.0	0.29	0.00	4	0.00
2025.06.23 14:07:59	1750687679513	3371.44	3371.73	29.0	0.29	0.00	6	0.00
2025.06.23 14:08:00	1750687680177	3371.50	3371.79	29.0	0.29	0.00	6	0.00
2025.06.23 14:08:00	1750687680842	3371.53	3371.82	29.0	0.29	0.00	6	0.00
2025.06.23 14:08:01	1750687681164	3371.47	3371.76	29.0	0.29	0.00	6	0.00
2025.06.23 14:08:01	1750687681508	3371.51	3371.80	29.0	0.29	0.00	6	0.00
2025.06.23 14:08:01	1750687681831	3371.54	3371.83	29.0	0.29	0.00	6	0.00
2025.06.23 14:08:02	1750687682492	3371.56	3371.85	29.0	0.29	0.00	6	0.00
2025.06.23 14:08:03	1750687683154	3371.54	3371.83	29.0	0.29	0.00	6	0.00
2025.06.23 14:08:03	1750687683483	3371.52	3371.81	29.0	0.29	0.00	6	0.00
2025.06.23 14:08:05	1750687685134	3371.55	3371.83	28.0	0.28	0.00	6	0.00
2025.06.23 14:08:05	1750687685465	3371.54	3371.82	28.0	0.28	0.00	6	0.00
2025.06.23 14:08:05	1750687685790	3371.65	3371.93	28.0	0.28	0.00	6	0.00
2025.06.23 14:08:07	1750687687112	3371.76	3372.04	28.0	0.28	0.00	6	0.00
2025.06.23 14:08:07	1750687687439	3371.74	3372.02	28.0	0.28	0.00	6	0.00
2025.06.23 14:08:07	1750687687773	3371.75	3372.03	28.0	0.28	0.00	6	0.00
2025.06.23 14:08:08	1750687688763	3371.88	3372.16	28.0	0.28	0.00	6	0.00
2025.06.23 14:08:09	1750687689091	3371.84	3372.12	28.0	0.28	0.00	6	0.00
2025.06.23 14:08:10	1750687690739	3371.96	3372.24	28.0	0.28	0.00	6	0.00
2025.06.23 14:08:11	1750687691069	3372.05	3372.33	28.0	0.28	0.00	6	0.00
2025.06.23 14:08:12	1750687692060	3371.97	3372.25	28.0	0.28	0.00	6	0.00
2025.06.23 14:08:12	1750687692718	3372.00	3372.28	28.0	0.28	0.00	6	0.00
2025.06.23 14:08:13	1750687693375	3371.91	3372.23	32.0	0.32	0.00	6	0.00
2025.06.23 14:08:14	1750687694043	3371.90	3372.23	33.0	0.33	0.00	2	0.00
2025.06.23 14:08:14	1750687694363	3371.95	3372.23	28.0	0.28	0.00	2	0.00
2025.06.23 14:08:16	1750687696354	3371.98	3372.25	27.0	0.27	0.00	6	0.00
2025.06.23 14:08:18	1750687698660	3372.05	3372.32	27.0	0.27	0.00	6	0.00
2025.06.23 14:08:19	1750687699321	3371.88	3372.32	44.0	0.44	0.00	2	0.00
2025.06.23 14:08:19	1750687699643	3371.89	3372.32	43.0	0.43	0.00	2	0.00
2025.06.23 14:08:19	1750687699974	3371.68	3372.13	45.0	0.45	0.00	6	0.00
2025.06.23 14:08:20	1750687700306	3371.73	3372.17	44.0	0.44	0.00	6	0.00
2025.06.23 14:08:20	1750687700966	3371.73	3372.20	47.0	0.47	0.00	4	0.00
2025.06.23 14:08:21	1750687701304	3371.73	3372.02	29.0	0.29	0.00	4	0.00
2025.06.23 14:08:22	1750687702291	3371.81	3372.10	29.0	0.29	0.00	6	0.00
2025.06.23 14:08:22	1750687702613	3371.76	3372.05	29.0	0.29	0.00	6	0.00
2025.06.23 14:08:22	1750687702952	3371.94	3372.23	29.0	0.29	0.00	6	0.00
2025.06.23 14:08:23	1750687703279	3371.90	3372.20	30.0	0.30	0.00	6	0.00
2025.06.23 14:08:23	1750687703610	3371.91	3372.21	30.0	0.30	0.00	6	0.00
2025.06.23 14:08:23	1750687703940	3371.92	3372.22	30.0	0.30	0.00	6	0.00
2025.06.23 14:08:24	1750687704270	3371.97	3372.27	30.0	0.30	0.00	6	0.00
2025.06.23 14:08:24	1750687704607	3372.01	3372.31	30.0	0.30	0.00	6	0.00
2025.06.23 14:08:25	1750687705587	3371.93	3372.23	30.0	0.30	0.00	6	0.00
2025.06.23 14:08:25	1750687705924	3371.96	3372.26	30.0	0.30	0.00	6	0.00
2025.06.23 14:08:27	1750687707240	3371.97	3372.26	29.0	0.29	0.00	2	0.00
2025.06.23 14:08:27	1750687707901	3372.04	3372.33	29.0	0.29	0.00	6	0.00
2025.06.23 14:08:28	1750687708565	3371.97	3372.26	29.0	0.29	0.00	6	0.00
2025.06.23 14:08:29	1750687709220	3372.03	3372.32	29.0	0.29	0.00	6	0.00
2025.06.23 14:08:31	1750687711194	3372.09	3372.38	29.0	0.29	0.00	6	0.00
2025.06.23 14:08:31	1750687711531	3372.18	3372.47	29.0	0.29	0.00	6	0.00
2025.06.23 14:08:32	1750687712517	3372.08	3372.37	29.0	0.29	0.00	6	0.00
2025.06.23 14:08:32	1750687712852	3372.09	3372.38	29.0	0.29	0.00	6	0.00
2025.06.23 14:08:33	1750687713181	3372.20	3372.49	29.0	0.29	0.00	6	0.00
2025.06.23 14:08:33	1750687713842	3372.24	3372.53	29.0	0.29	0.00	6	0.00
2025.06.23 14:08:34	1750687714502	3372.25	3372.54	29.0	0.29	0.00	6	0.00
2025.06.23 14:08:34	1750687714833	3372.28	3372.57	29.0	0.29	0.00	6	0.00
2025.06.23 14:08:35	1750687715492	3372.31	3372.60	29.0	0.29	0.00	6	0.00
2025.06.23 14:08:37	1750687717469	3372.43	3372.72	29.0	0.29	0.00	6	0.00
2025.06.23 14:08:37	1750687717479	3372.40	3372.69	29.0	0.29	0.00	6	0.00
2025.06.23 14:08:38	1750687718127	3372.35	3372.69	34.0	0.34	0.00	2	0.00
2025.06.23 14:08:39	1750687719125	3372.41	3372.69	28.0	0.28	0.00	2	0.00
2025.06.23 14:08:40	1750687720771	3372.42	3372.70	28.0	0.28	0.00	6	0.00
2025.06.23 14:08:41	1750687721103	3372.36	3372.70	34.0	0.34	0.00	2	0.00
2025.06.23 14:08:41	1750687721431	3372.34	3372.70	36.0	0.36	0.00	2	0.00
2025.06.23 14:08:41	1750687721764	3372.39	3372.75	36.0	0.36	0.00	6	0.00
2025.06.23 14:08:42	1750687722089	3372.41	3372.69	28.0	0.28	0.00	6	0.00
2025.06.23 14:08:42	1750687722752	3372.52	3372.80	28.0	0.28	0.00	6	0.00
2025.06.23 14:08:43	1750687723413	3372.33	3372.61	28.0	0.28	0.00	6	0.00
2025.06.23 14:08:43	1750687723741	3372.43	3372.71	28.0	0.28	0.00	6	0.00
2025.06.23 14:08:44	1750687724071	3372.41	3372.69	28.0	0.28	0.00	6	0.00
2025.06.23 14:08:44	1750687724731	3372.42	3372.70	28.0	0.28	0.00	6	0.00
2025.06.23 14:08:45	1750687725392	3372.41	3372.69	28.0	0.28	0.00	6	0.00
2025.06.23 14:08:45	1750687725721	3372.26	3372.61	35.0	0.35	0.00	6	0.00
2025.06.23 14:08:46	1750687726050	3372.33	3372.61	28.0	0.28	0.00	2	0.00
2025.06.23 14:08:46	1750687726382	3372.30	3372.58	28.0	0.28	0.00	6	0.00
2025.06.23 14:08:47	1750687727041	3372.24	3372.52	28.0	0.28	0.00	6	0.00
2025.06.23 14:08:47	1750687727372	3372.32	3372.60	28.0	0.28	0.00	6	0.00
2025.06.23 14:08:47	1750687727703	3372.23	3372.51	28.0	0.28	0.00	6	0.00
2025.06.23 14:08:48	1750687728027	3372.27	3372.55	28.0	0.28	0.00	6	0.00
2025.06.23 14:08:48	1750687728359	3372.27	3372.54	27.0	0.27	0.00	4	0.00
2025.06.23 14:08:49	1750687729343	3372.33	3372.60	27.0	0.27	0.00	6	0.00
2025.06.23 14:08:50	1750687730342	3372.30	3372.57	27.0	0.27	0.00	6	0.00
2025.06.23 14:08:50	1750687730670	3372.29	3372.56	27.0	0.27	0.00	6	0.00
2025.06.23 14:08:53	1750687733304	3372.13	3372.55	42.0	0.42	0.00	6	0.00
2025.06.23 14:08:54	1750687734297	3372.29	3372.55	26.0	0.26	0.00	2	0.00
2025.06.23 14:08:55	1750687735621	3372.30	3372.56	26.0	0.26	0.00	6	0.00
2025.06.23 14:08:56	1750687736612	3371.98	3372.24	26.0	0.26	0.00	6	0.00
2025.06.23 14:08:56	1750687736942	3372.01	3372.27	26.0	0.26	0.00	6	0.00
2025.06.23 14:08:57	1750687737270	3372.00	3372.28	28.0	0.28	0.00	6	0.00
2025.06.23 14:08:58	1750687738913	3371.82	3372.10	28.0	0.28	0.00	6	0.00
2025.06.23 14:08:59	1750687739583	3371.88	3372.16	28.0	0.28	0.00	6	0.00
2025.06.23 14:08:59	1750687739913	3371.91	3372.19	28.0	0.28	0.00	6	0.00
2025.06.23 14:09:00	1750687740238	3371.93	3372.21	28.0	0.28	0.00	6	0.00
2025.06.23 14:09:00	1750687740244	3371.89	3372.17	28.0	0.28	0.00	6	0.00
2025.06.23 14:09:00	1750687740572	3371.95	3372.23	28.0	0.28	0.00	6	0.00
2025.06.23 14:09:01	1750687741223	3372.00	3372.28	28.0	0.28	0.00	6	0.00
2025.06.23 14:09:01	1750687741889	3372.03	3372.31	28.0	0.28	0.00	6	0.00
2025.06.23 14:09:02	1750687742213	3372.24	3372.52	28.0	0.28	0.00	6	0.00
2025.06.23 14:09:02	1750687742554	3372.22	3372.50	28.0	0.28	0.00	6	0.00
2025.06.23 14:09:03	1750687743203	3372.21	3372.50	29.0	0.29	0.00	2	0.00
2025.06.23 14:09:03	1750687743541	3372.26	3372.55	29.0	0.29	0.00	6	0.00
2025.06.23 14:09:04	1750687744527	3372.33	3372.62	29.0	0.29	0.00	6	0.00
2025.06.23 14:09:05	1750687745191	3372.34	3372.62	28.0	0.28	0.00	2	0.00
2025.06.23 14:09:05	1750687745522	3372.35	3372.63	28.0	0.28	0.00	6	0.00
2025.06.23 14:09:06	1750687746503	3372.46	3372.74	28.0	0.28	0.00	6	0.00
2025.06.23 14:09:07	1750687747832	3372.57	3372.85	28.0	0.28	0.00	6	0.00
2025.06.23 14:09:09	1750687749153	3372.27	3372.57	30.0	0.30	0.00	6	0.00
2025.06.23 14:09:09	1750687749482	3372.24	3372.54	30.0	0.30	0.00	6	0.00
2025.06.23 14:09:10	1750687750463	3372.27	3372.57	30.0	0.30	0.00	6	0.00
2025.06.23 14:09:10	1750687750801	3372.29	3372.59	30.0	0.30	0.00	6	0.00
2025.06.23 14:09:11	1750687751130	3372.23	3372.52	29.0	0.29	0.00	6	0.00
2025.06.23 14:09:12	1750687752114	3372.18	3372.47	29.0	0.29	0.00	6	0.00
2025.06.23 14:09:12	1750687752454	3372.24	3372.53	29.0	0.29	0.00	6	0.00
2025.06.23 14:09:13	1750687753113	3372.21	3372.50	29.0	0.29	0.00	6	0.00
2025.06.23 14:09:13	1750687753441	3372.32	3372.61	29.0	0.29	0.00	6	0.00
2025.06.23 14:09:14	1750687754093	3372.29	3372.58	29.0	0.29	0.00	6	0.00
2025.06.23 14:09:14	1750687754431	3372.27	3372.74	47.0	0.47	0.00	6	0.00
2025.06.23 14:09:14	1750687754754	3372.38	3372.90	52.0	0.52	0.00	6	0.00
2025.06.23 14:09:15	1750687755092	3372.33	3372.87	54.0	0.54	0.00	6	0.00
2025.06.23 14:09:15	1750687755424	3372.41	3372.95	54.0	0.54	0.00	6	0.00
2025.06.23 14:09:15	1750687755438	3372.41	3372.70	29.0	0.29	0.00	4	0.00
2025.06.23 14:09:15	1750687755744	3372.24	3372.53	29.0	0.29	0.00	6	0.00
2025.06.23 14:09:16	1750687756086	3372.38	3372.67	29.0	0.29	0.00	6	0.00
2025.06.23 14:09:16	1750687756403	3372.33	3372.62	29.0	0.29	0.00	6	0.00
2025.06.23 14:09:17	1750687757072	3372.40	3372.68	28.0	0.28	0.00	6	0.00
2025.06.23 14:09:17	1750687757080	3372.42	3372.70	28.0	0.28	0.00	6	0.00
2025.06.23 14:09:17	1750687757733	3372.15	3372.43	28.0	0.28	0.00	6	0.00
2025.06.23 14:09:18	1750687758059	3372.04	3372.32	28.0	0.28	0.00	6	0.00
2025.06.23 14:09:18	1750687758723	3372.01	3372.29	28.0	0.28	0.00	6	0.00
2025.06.23 14:09:19	1750687759066	3372.00	3372.30	30.0	0.30	0.00	6	0.00
2025.06.23 14:09:19	1750687759713	3371.94	3372.24	30.0	0.30	0.00	6	0.00
2025.06.23 14:09:20	1750687760042	3371.88	3372.18	30.0	0.30	0.00	6	0.00
2025.06.23 14:09:20	1750687760372	3371.85	3372.15	30.0	0.30	0.00	6	0.00
2025.06.23 14:09:21	1750687761027	3371.84	3372.14	30.0	0.30	0.00	6	0.00
2025.06.23 14:09:21	1750687761361	3371.74	3372.04	30.0	0.30	0.00	6	0.00
2025.06.23 14:09:22	1750687762023	3371.85	3372.15	30.0	0.30	0.00	6	0.00
2025.06.23 14:09:22	1750687762354	3371.74	3372.04	30.0	0.30	0.00	6	0.00
2025.06.23 14:09:22	1750687762680	3371.83	3372.13	30.0	0.30	0.00	6	0.00
2025.06.23 14:09:23	1750687763013	3371.64	3372.17	53.0	0.53	0.00	6	0.00
2025.06.23 14:09:23	1750687763337	3371.80	3372.27	47.0	0.47	0.00	6	0.00
2025.06.23 14:09:23	1750687763672	3371.77	3372.28	51.0	0.51	0.00	6	0.00
2025.06.23 14:09:24	1750687764001	3371.90	3372.20	30.0	0.30	0.00	6	0.00
2025.06.23 14:09:24	1750687764334	3371.76	3372.06	30.0	0.30	0.00	6	0.00
2025.06.23 14:09:24	1750687764660	3371.86	3372.16	30.0	0.30	0.00	6	0.00
2025.06.23 14:09:25	1750687765320	3371.87	3372.16	29.0	0.29	0.00	2	0.00
2025.06.23 14:09:25	1750687765657	3371.82	3372.11	29.0	0.29	0.00	6	0.00
2025.06.23 14:09:25	1750687765985	3371.89	3372.18	29.0	0.29	0.00	6	0.00
2025.06.23 14:09:26	1750687766306	3371.91	3372.20	29.0	0.29	0.00	6	0.00
2025.06.23 14:09:26	1750687766635	3371.80	3372.09	29.0	0.29	0.00	6	0.00
2025.06.23 14:09:26	1750687766973	3371.73	3372.02	29.0	0.29	0.00	6	0.00
2025.06.23 14:09:27	1750687767299	3371.81	3372.10	29.0	0.29	0.00	6	0.00
2025.06.23 14:09:27	1750687767632	3371.90	3372.19	29.0	0.29	0.00	6	0.00
2025.06.23 14:09:28	1750687768289	3371.83	3372.13	30.0	0.30	0.00	6	0.00
2025.06.23 14:09:28	1750687768619	3371.82	3372.12	30.0	0.30	0.00	6	0.00
2025.06.23 14:09:29	1750687769280	3371.90	3372.20	30.0	0.30	0.00	6	0.00
2025.06.23 14:09:29	1750687769287	3371.91	3372.21	30.0	0.30	0.00	6	0.00
2025.06.23 14:09:30	1750687770263	3371.92	3372.22	30.0	0.30	0.00	6	0.00
2025.06.23 14:09:30	1750687770601	3371.86	3372.16	30.0	0.30	0.00	6	0.00
2025.06.23 14:09:30	1750687770612	3371.83	3372.13	30.0	0.30	0.00	6	0.00
2025.06.23 14:09:30	1750687770932	3371.94	3372.24	30.0	0.30	0.00	6	0.00
2025.06.23 14:09:31	1750687771591	3371.98	3372.28	30.0	0.30	0.00	6	0.00
2025.06.23 14:09:31	1750687771921	3371.93	3372.23	30.0	0.30	0.00	6	0.00
2025.06.23 14:09:32	1750687772243	3372.00	3372.29	29.0	0.29	0.00	6	0.00
2025.06.23 14:09:32	1750687772256	3371.95	3372.24	29.0	0.29	0.00	6	0.00
2025.06.23 14:09:32	1750687772908	3371.92	3372.21	29.0	0.29	0.00	6	0.00
2025.06.23 14:09:33	1750687773233	3372.05	3372.34	29.0	0.29	0.00	6	0.00
2025.06.23 14:09:33	1750687773570	3372.13	3372.42	29.0	0.29	0.00	6	0.00
2025.06.23 14:09:35	1750687775222	3372.12	3372.42	30.0	0.30	0.00	2	0.00
2025.06.23 14:09:35	1750687775550	3371.98	3372.28	30.0	0.30	0.00	6	0.00
2025.06.23 14:09:35	1750687775873	3371.96	3372.26	30.0	0.30	0.00	6	0.00
2025.06.23 14:09:36	1750687776535	3372.01	3372.31	30.0	0.30	0.00	6	0.00
2025.06.23 14:09:36	1750687776872	3372.02	3372.32	30.0	0.30	0.00	6	0.00
2025.06.23 14:09:37	1750687777859	3372.03	3372.33	30.0	0.30	0.00	6	0.00
2025.06.23 14:09:38	1750687778521	3372.05	3372.35	30.0	0.30	0.00	6	0.00
2025.06.23 14:09:39	1750687779182	3372.01	3372.31	30.0	0.30	0.00	6	0.00
2025.06.23 14:09:40	1750687780502	3372.10	3372.40	30.0	0.30	0.00	6	0.00
2025.06.23 14:09:40	1750687780831	3372.14	3372.44	30.0	0.30	0.00	6	0.00
2025.06.23 14:09:41	1750687781168	3372.24	3372.54	30.0	0.30	0.00	6	0.00
2025.06.23 14:09:41	1750687781493	3372.23	3372.53	30.0	0.30	0.00	6	0.00
2025.06.23 14:09:41	1750687781820	3372.25	3372.55	30.0	0.30	0.00	6	0.00
2025.06.23 14:09:42	1750687782803	3372.32	3372.62	30.0	0.30	0.00	6	0.00
2025.06.23 14:09:43	1750687783142	3372.04	3372.34	30.0	0.30	0.00	6	0.00
2025.06.23 14:09:43	1750687783473	3372.06	3372.36	30.0	0.30	0.00	6	0.00
2025.06.23 14:09:44	1750687784134	3372.06	3372.37	31.0	0.31	0.00	4	0.00
2025.06.23 14:09:44	1750687784462	3371.89	3372.20	31.0	0.31	0.00	6	0.00
2025.06.23 14:09:44	1750687784470	3371.91	3372.22	31.0	0.31	0.00	6	0.00
2025.06.23 14:09:44	1750687784794	3371.81	3372.12	31.0	0.31	0.00	6	0.00
2025.06.23 14:09:45	1750687785121	3371.81	3372.11	30.0	0.30	0.00	4	0.00
2025.06.23 14:09:45	1750687785448	3371.77	3372.07	30.0	0.30	0.00	6	0.00
2025.06.23 14:09:45	1750687785781	3371.79	3372.09	30.0	0.30	0.00	6	0.00
2025.06.23 14:09:46	1750687786111	3371.79	3372.10	31.0	0.31	0.00	4	0.00
2025.06.23 14:09:46	1750687786438	3371.80	3372.11	31.0	0.31	0.00	6	0.00
2025.06.23 14:09:46	1750687786772	3371.71	3372.02	31.0	0.31	0.00	6	0.00
2025.06.23 14:09:47	1750687787109	3371.79	3372.10	31.0	0.31	0.00	6	0.00
2025.06.23 14:09:47	1750687787430	3371.78	3372.09	31.0	0.31	0.00	6	0.00
2025.06.23 14:09:47	1750687787764	3371.79	3372.10	31.0	0.31	0.00	6	0.00
2025.06.23 14:09:48	1750687788413	3371.72	3372.03	31.0	0.31	0.00	6	0.00
2025.06.23 14:09:49	1750687789411	3371.68	3371.99	31.0	0.31	0.00	6	0.00
2025.06.23 14:09:49	1750687789739	3371.69	3372.00	31.0	0.31	0.00	6	0.00
2025.06.23 14:09:50	1750687790065	3371.50	3371.81	31.0	0.31	0.00	6	0.00
2025.06.23 14:09:50	1750687790400	3371.56	3371.87	31.0	0.31	0.00	6	0.00
2025.06.23 14:09:50	1750687790729	3371.93	3372.24	31.0	0.31	0.00	6	0.00
2025.06.23 14:09:51	1750687791060	3371.92	3372.23	31.0	0.31	0.00	6	0.00
2025.06.23 14:09:51	1750687791392	3371.84	3372.15	31.0	0.31	0.00	6	0.00
2025.06.23 14:09:52	1750687792052	3371.82	3372.15	33.0	0.33	0.00	2	0.00
2025.06.23 14:09:53	1750687793373	3371.73	3372.06	33.0	0.33	0.00	6	0.00
2025.06.23 14:09:53	1750687793701	3371.82	3372.15	33.0	0.33	0.00	6	0.00
2025.06.23 14:09:54	1750687794035	3371.68	3372.01	33.0	0.33	0.00	6	0.00
2025.06.23 14:09:54	1750687794355	3371.78	3372.11	33.0	0.33	0.00	6	0.00
2025.06.23 14:09:55	1750687795031	3371.76	3372.09	33.0	0.33	0.00	6	0.00
2025.06.23 14:09:55	1750687795348	3371.91	3372.24	33.0	0.33	0.00	6	0.00
2025.06.23 14:09:56	1750687796012	3371.94	3372.27	33.0	0.33	0.00	6	0.00
2025.06.23 14:09:56	1750687796342	3371.95	3372.28	33.0	0.33	0.00	6	0.00
2025.06.23 14:09:57	1750687797003	3371.94	3372.27	33.0	0.33	0.00	6	0.00
2025.06.23 14:09:58	1750687798325	3371.95	3372.28	33.0	0.33	0.00	6	0.00
2025.06.23 14:09:59	1750687799317	3371.93	3372.26	33.0	0.33	0.00	6	0.00
2025.06.23 14:09:59	1750687799977	3371.95	3372.28	33.0	0.33	0.00	6	0.00
2025.06.23 14:10:00	1750687800294	3371.97	3372.30	33.0	0.33	0.00	6	0.00
2025.06.23 14:10:00	1750687800630	3372.03	3372.36	33.0	0.33	0.00	6	0.00
2025.06.23 14:10:01	1750687801300	3371.87	3372.20	33.0	0.33	0.00	6	0.00
2025.06.23 14:10:01	1750687801623	3372.08	3372.41	33.0	0.33	0.00	6	0.00
2025.06.23 14:10:01	1750687801952	3372.01	3372.34	33.0	0.33	0.00	6	0.00
